fiscal_year,quarter,state,volume_share_pct,volume_millions,value_crores,avg_txn_value_inr
FY2016-17,Q2,Maharashtra,15.03,0.03,1.26,420.0
FY2016-17,Q2,Karnataka,12.4,0.03,1.04,346.67
FY2016-17,Q2,Delhi,8.44,0.02,0.71,355.0
FY2016-17,Q2,Tamil Nadu,7.28,0.02,0.61,305.0
FY2016-17,Q2,Telangana,6.85,0.02,0.57,285.0
FY2016-17,Q2,Gujarat,5.45,0.01,0.46,460.0
FY2016-17,Q2,Uttar Pradesh,4.86,0.01,0.41,410.0
FY2016-17,Q2,Rajasthan,5.01,0.01,0.42,420.0
FY2016-17,Q2,West Bengal,4.03,0.01,0.34,340.0
FY2016-17,Q2,Kerala,3.42,0.01,0.29,290.0
FY2016-17,Q2,Madhya Pradesh,3.53,0.01,0.3,300.0
FY2016-17,Q2,Andhra Pradesh,3.33,0.01,0.28,280.0
FY2016-17,Q2,Haryana,2.78,0.01,0.23,230.0
FY2016-17,Q2,Punjab,2.44,0.01,0.2,200.0
FY2016-17,Q2,Bihar,2.18,0.0,0.18,0.0
FY2016-17,Q2,Odisha,1.77,0.0,0.15,0.0
FY2016-17,Q2,Assam,1.12,0.0,0.09,0.0
FY2016-17,Q2,Jharkhand,0.96,0.0,0.08,0.0
FY2016-17,Q2,Chhattisgarh,0.92,0.0,0.08,0.0
FY2016-17,Q2,Uttarakhand,0.81,0.0,0.07,0.0
FY2016-17,Q2,Himachal Pradesh,0.61,0.0,0.05,0.0
FY2016-17,Q2,Goa,0.48,0.0,0.04,0.0
FY2016-17,Q2,Tripura,0.3,0.0,0.02,0.0
FY2016-17,Q2,Meghalaya,0.18,0.0,0.01,0.0
FY2016-17,Q2,Manipur,0.15,0.0,0.01,0.0
FY2016-17,Q2,Nagaland,0.13,0.0,0.01,0.0
FY2016-17,Q2,Arunachal Pradesh,0.09,0.0,0.01,0.0
FY2016-17,Q2,Mizoram,0.08,0.0,0.01,0.0
FY2016-17,Q2,Sikkim,0.07,0.0,0.01,0.0
FY2016-17,Q2,Chandigarh,0.37,0.0,0.03,0.0
FY2016-17,Q2,Puducherry,0.24,0.0,0.02,0.0
FY2016-17,Q2,J&K,0.43,0.0,0.04,0.0
FY2016-17,Q2,Ladakh,0.03,0.0,0.0,0.0
FY2016-17,Q2,A&N Islands,0.05,0.0,0.0,0.0
FY2016-17,Q2,D&N Haveli,0.07,0.0,0.01,0.0
FY2016-17,Q2,Lakshadweep,0.01,0.0,0.0,0.0
FY2016-17,Q3,Maharashtra,16.48,0.46,18.36,399.13
FY2016-17,Q3,Karnataka,13.01,0.36,14.49,402.5
FY2016-17,Q3,Delhi,8.2,0.23,9.13,396.96
FY2016-17,Q3,Tamil Nadu,6.81,0.19,7.59,399.47
FY2016-17,Q3,Telangana,6.77,0.19,7.54,396.84
FY2016-17,Q3,Gujarat,5.87,0.16,6.53,408.12
FY2016-17,Q3,Uttar Pradesh,5.5,0.15,6.13,408.67
FY2016-17,Q3,Rajasthan,4.57,0.13,5.09,391.54
FY2016-17,Q3,West Bengal,4.47,0.13,4.98,383.08
FY2016-17,Q3,Kerala,3.93,0.11,4.37,397.27
FY2016-17,Q3,Madhya Pradesh,3.4,0.1,3.79,379.0
FY2016-17,Q3,Andhra Pradesh,3.36,0.09,3.74,415.56
FY2016-17,Q3,Haryana,2.73,0.08,3.04,380.0
FY2016-17,Q3,Punjab,2.4,0.07,2.68,382.86
FY2016-17,Q3,Bihar,2.12,0.06,2.36,393.33
FY2016-17,Q3,Odisha,1.64,0.05,1.83,366.0
FY2016-17,Q3,Assam,1.23,0.03,1.37,456.67
FY2016-17,Q3,Jharkhand,0.91,0.03,1.01,336.67
FY2016-17,Q3,Chhattisgarh,0.84,0.02,0.94,470.0
FY2016-17,Q3,Uttarakhand,0.72,0.02,0.8,400.0
FY2016-17,Q3,Himachal Pradesh,0.6,0.02,0.67,335.0
FY2016-17,Q3,Goa,0.5,0.01,0.55,550.0
FY2016-17,Q3,Tripura,0.3,0.01,0.33,330.0
FY2016-17,Q3,Meghalaya,0.19,0.01,0.21,210.0
FY2016-17,Q3,Manipur,0.14,0.0,0.16,0.0
FY2016-17,Q3,Nagaland,0.12,0.0,0.14,0.0
FY2016-17,Q3,Arunachal Pradesh,0.1,0.0,0.11,0.0
FY2016-17,Q3,Mizoram,0.08,0.0,0.09,0.0
FY2016-17,Q3,Sikkim,0.07,0.0,0.07,0.0
FY2016-17,Q3,Chandigarh,0.35,0.01,0.39,390.0
FY2016-17,Q3,Puducherry,0.27,0.01,0.3,300.0
FY2016-17,Q3,J&K,0.46,0.01,0.52,520.0
FY2016-17,Q3,Ladakh,0.03,0.0,0.03,0.0
FY2016-17,Q3,A&N Islands,0.05,0.0,0.06,0.0
FY2016-17,Q3,D&N Haveli,0.06,0.0,0.07,0.0
FY2016-17,Q3,Lakshadweep,0.01,0.0,0.01,0.0
FY2016-17,Q4,Maharashtra,16.23,2.37,96.61,407.64
FY2016-17,Q4,Karnataka,12.69,1.85,75.56,408.43
FY2016-17,Q4,Delhi,8.29,1.21,49.33,407.69
FY2016-17,Q4,Tamil Nadu,6.75,0.99,40.16,405.66
FY2016-17,Q4,Telangana,6.17,0.9,36.72,408.0
FY2016-17,Q4,Gujarat,5.4,0.79,32.13,406.71
FY2016-17,Q4,Uttar Pradesh,5.06,0.74,30.12,407.03
FY2016-17,Q4,Rajasthan,4.51,0.66,26.83,406.52
FY2016-17,Q4,West Bengal,4.23,0.62,25.2,406.45
FY2016-17,Q4,Kerala,3.63,0.53,21.61,407.74
FY2016-17,Q4,Madhya Pradesh,3.59,0.52,21.37,410.96
FY2016-17,Q4,Andhra Pradesh,3.21,0.47,19.08,405.96
FY2016-17,Q4,Haryana,2.52,0.37,15.03,406.22
FY2016-17,Q4,Punjab,2.58,0.38,15.37,404.47
FY2016-17,Q4,Bihar,2.29,0.33,13.63,413.03
FY2016-17,Q4,Odisha,1.71,0.25,10.18,407.2
FY2016-17,Q4,Assam,1.23,0.18,7.29,405.0
FY2016-17,Q4,Jharkhand,0.96,0.14,5.7,407.14
FY2016-17,Q4,Chhattisgarh,0.9,0.13,5.38,413.85
FY2016-17,Q4,Uttarakhand,0.75,0.11,4.46,405.45
FY2016-17,Q4,Himachal Pradesh,0.55,0.08,3.25,406.25
FY2016-17,Q4,Goa,0.49,0.07,2.92,417.14
FY2016-17,Q4,Tripura,0.3,0.04,1.77,442.5
FY2016-17,Q4,Meghalaya,0.2,0.03,1.17,390.0
FY2016-17,Q4,Manipur,0.14,0.02,0.84,420.0
FY2016-17,Q4,Nagaland,0.12,0.02,0.7,350.0
FY2016-17,Q4,Arunachal Pradesh,0.1,0.01,0.6,600.0
FY2016-17,Q4,Mizoram,0.08,0.01,0.48,480.0
FY2016-17,Q4,Sikkim,0.07,0.01,0.42,420.0
FY2016-17,Q4,Chandigarh,0.34,0.05,2.01,402.0
FY2016-17,Q4,Puducherry,0.26,0.04,1.58,395.0
FY2016-17,Q4,J&K,0.42,0.06,2.52,420.0
FY2016-17,Q4,Ladakh,0.03,0.0,0.18,0.0
FY2016-17,Q4,A&N Islands,0.05,0.01,0.32,320.0
FY2016-17,Q4,D&N Haveli,0.06,0.01,0.37,370.0
FY2016-17,Q4,Lakshadweep,0.01,0.0,0.06,0.0
FY2017-18,Q1,Maharashtra,16.06,4.24,179.92,424.34
FY2017-18,Q1,Karnataka,13.46,3.55,150.79,424.76
FY2017-18,Q1,Delhi,7.62,2.01,85.31,424.43
FY2017-18,Q1,Tamil Nadu,6.76,1.78,75.66,425.06
FY2017-18,Q1,Telangana,6.37,1.68,71.35,424.7
FY2017-18,Q1,Gujarat,6.16,1.63,68.98,423.19
FY2017-18,Q1,Uttar Pradesh,5.6,1.48,62.77,424.12
FY2017-18,Q1,Rajasthan,4.57,1.21,51.16,422.81
FY2017-18,Q1,West Bengal,4.13,1.09,46.31,424.86
FY2017-18,Q1,Kerala,3.68,0.97,41.25,425.26
FY2017-18,Q1,Madhya Pradesh,3.38,0.89,37.81,424.83
FY2017-18,Q1,Andhra Pradesh,3.36,0.89,37.59,422.36
FY2017-18,Q1,Haryana,2.61,0.69,29.21,423.33
FY2017-18,Q1,Punjab,2.7,0.71,30.25,426.06
FY2017-18,Q1,Bihar,2.29,0.6,25.66,427.67
FY2017-18,Q1,Odisha,1.9,0.5,21.26,425.2
FY2017-18,Q1,Assam,1.17,0.31,13.13,423.55
FY2017-18,Q1,Jharkhand,0.99,0.26,11.12,427.69
FY2017-18,Q1,Chhattisgarh,0.84,0.22,9.36,425.45
FY2017-18,Q1,Uttarakhand,0.78,0.21,8.72,415.24
FY2017-18,Q1,Himachal Pradesh,0.61,0.16,6.89,430.62
FY2017-18,Q1,Goa,0.53,0.14,5.96,425.71
FY2017-18,Q1,Tripura,0.28,0.07,3.17,452.86
FY2017-18,Q1,Meghalaya,0.2,0.05,2.2,440.0
FY2017-18,Q1,Manipur,0.15,0.04,1.67,417.5
FY2017-18,Q1,Nagaland,0.11,0.03,1.25,416.67
FY2017-18,Q1,Arunachal Pradesh,0.1,0.03,1.15,383.33
FY2017-18,Q1,Mizoram,0.08,0.02,0.86,430.0
FY2017-18,Q1,Sikkim,0.07,0.02,0.78,390.0
FY2017-18,Q1,Chandigarh,0.34,0.09,3.83,425.56
FY2017-18,Q1,Puducherry,0.24,0.06,2.69,448.33
FY2017-18,Q1,J&K,0.45,0.12,5.04,420.0
FY2017-18,Q1,Ladakh,0.03,0.01,0.33,330.0
FY2017-18,Q1,A&N Islands,0.05,0.01,0.55,550.0
FY2017-18,Q1,D&N Haveli,0.06,0.02,0.65,325.0
FY2017-18,Q1,Lakshadweep,0.01,0.0,0.11,0.0
FY2017-18,Q2,Maharashtra,17.86,17.92,636.5,355.19
FY2017-18,Q2,Karnataka,12.89,12.93,459.25,355.18
FY2017-18,Q2,Delhi,8.61,8.63,306.72,355.41
FY2017-18,Q2,Tamil Nadu,6.61,6.63,235.39,355.04
FY2017-18,Q2,Telangana,6.55,6.57,233.42,355.28
FY2017-18,Q2,Gujarat,5.48,5.5,195.32,355.13
FY2017-18,Q2,Uttar Pradesh,5.09,5.11,181.49,355.17
FY2017-18,Q2,Rajasthan,4.62,4.64,164.7,354.96
FY2017-18,Q2,West Bengal,4.45,4.46,158.56,355.52
FY2017-18,Q2,Kerala,3.98,3.99,141.83,355.46
FY2017-18,Q2,Madhya Pradesh,3.54,3.55,126.22,355.55
FY2017-18,Q2,Andhra Pradesh,2.95,2.96,105.28,355.68
FY2017-18,Q2,Haryana,2.77,2.78,98.78,355.32
FY2017-18,Q2,Punjab,2.54,2.55,90.42,354.59
FY2017-18,Q2,Bihar,2.22,2.23,79.07,354.57
FY2017-18,Q2,Odisha,1.63,1.64,58.22,355.0
FY2017-18,Q2,Assam,1.15,1.15,40.85,355.22
FY2017-18,Q2,Jharkhand,1.0,1.0,35.52,355.2
FY2017-18,Q2,Chhattisgarh,0.92,0.93,32.93,354.09
FY2017-18,Q2,Uttarakhand,0.71,0.71,25.37,357.32
FY2017-18,Q2,Himachal Pradesh,0.6,0.6,21.2,353.33
FY2017-18,Q2,Goa,0.5,0.51,17.94,351.76
FY2017-18,Q2,Tripura,0.31,0.31,11.14,359.35
FY2017-18,Q2,Meghalaya,0.21,0.21,7.37,350.95
FY2017-18,Q2,Manipur,0.15,0.15,5.5,366.67
FY2017-18,Q2,Nagaland,0.12,0.12,4.1,341.67
FY2017-18,Q2,Arunachal Pradesh,0.09,0.09,3.22,357.78
FY2017-18,Q2,Mizoram,0.08,0.08,2.79,348.75
FY2017-18,Q2,Sikkim,0.07,0.07,2.62,374.29
FY2017-18,Q2,Chandigarh,0.37,0.38,13.34,351.05
FY2017-18,Q2,Puducherry,0.26,0.26,9.22,354.62
FY2017-18,Q2,J&K,0.46,0.46,16.38,356.09
FY2017-18,Q2,Ladakh,0.03,0.03,1.09,363.33
FY2017-18,Q2,A&N Islands,0.05,0.05,1.73,346.0
FY2017-18,Q2,D&N Haveli,0.06,0.06,2.12,353.33
FY2017-18,Q2,Lakshadweep,0.01,0.01,0.39,390.0
FY2017-18,Q3,Maharashtra,15.72,51.43,1832.29,356.27
FY2017-18,Q3,Karnataka,13.83,45.25,1612.15,356.28
FY2017-18,Q3,Delhi,8.07,26.39,940.24,356.29
FY2017-18,Q3,Tamil Nadu,7.57,24.76,882.27,356.33
FY2017-18,Q3,Telangana,6.04,19.77,704.23,356.21
FY2017-18,Q3,Gujarat,5.97,19.53,695.73,356.24
FY2017-18,Q3,Uttar Pradesh,5.3,17.33,617.36,356.24
FY2017-18,Q3,Rajasthan,4.46,14.59,519.81,356.28
FY2017-18,Q3,West Bengal,4.25,13.89,494.82,356.24
FY2017-18,Q3,Kerala,3.99,13.06,465.2,356.2
FY2017-18,Q3,Madhya Pradesh,3.35,10.96,390.66,356.44
FY2017-18,Q3,Andhra Pradesh,2.96,9.68,344.98,356.38
FY2017-18,Q3,Haryana,2.79,9.12,324.81,356.15
FY2017-18,Q3,Punjab,2.49,8.14,290.08,356.36
FY2017-18,Q3,Bihar,2.26,7.39,263.42,356.45
FY2017-18,Q3,Odisha,1.89,6.17,219.73,356.13
FY2017-18,Q3,Assam,1.2,3.91,139.43,356.6
FY2017-18,Q3,Jharkhand,1.09,3.57,127.35,356.72
FY2017-18,Q3,Chhattisgarh,0.91,2.98,106.06,355.91
FY2017-18,Q3,Uttarakhand,0.79,2.57,91.62,356.5
FY2017-18,Q3,Himachal Pradesh,0.55,1.8,64.29,357.17
FY2017-18,Q3,Goa,0.49,1.61,57.5,357.14
FY2017-18,Q3,Tripura,0.29,0.96,34.37,358.02
FY2017-18,Q3,Meghalaya,0.21,0.69,24.43,354.06
FY2017-18,Q3,Manipur,0.15,0.5,17.89,357.8
FY2017-18,Q3,Nagaland,0.11,0.37,13.16,355.68
FY2017-18,Q3,Arunachal Pradesh,0.1,0.33,11.75,356.06
FY2017-18,Q3,Mizoram,0.08,0.27,9.64,357.04
FY2017-18,Q3,Sikkim,0.08,0.25,8.78,351.2
FY2017-18,Q3,Chandigarh,0.37,1.2,42.6,355.0
FY2017-18,Q3,Puducherry,0.26,0.85,30.24,355.76
FY2017-18,Q3,J&K,0.45,1.48,52.6,355.41
FY2017-18,Q3,Ladakh,0.03,0.1,3.56,356.0
FY2017-18,Q3,A&N Islands,0.05,0.17,6.19,364.12
FY2017-18,Q3,D&N Haveli,0.06,0.18,6.53,362.78
FY2017-18,Q3,Lakshadweep,0.01,0.03,1.17,390.0
FY2017-18,Q4,Maharashtra,15.86,79.52,2739.48,344.5
FY2017-18,Q4,Karnataka,13.04,65.38,2252.47,344.52
FY2017-18,Q4,Delhi,8.7,43.64,1503.25,344.47
FY2017-18,Q4,Tamil Nadu,6.89,34.53,1189.57,344.5
FY2017-18,Q4,Telangana,5.72,28.69,988.39,344.51
FY2017-18,Q4,Gujarat,5.68,28.48,981.01,344.46
FY2017-18,Q4,Uttar Pradesh,5.75,28.83,993.23,344.51
FY2017-18,Q4,Rajasthan,4.93,24.71,851.24,344.49
FY2017-18,Q4,West Bengal,4.29,21.51,740.87,344.43
FY2017-18,Q4,Kerala,3.75,18.78,647.07,344.55
FY2017-18,Q4,Madhya Pradesh,3.28,16.42,565.79,344.57
FY2017-18,Q4,Andhra Pradesh,3.28,16.45,566.88,344.61
FY2017-18,Q4,Haryana,2.68,13.45,463.39,344.53
FY2017-18,Q4,Punjab,2.77,13.9,478.9,344.53
FY2017-18,Q4,Bihar,2.26,11.34,390.78,344.6
FY2017-18,Q4,Odisha,1.75,8.76,301.83,344.55
FY2017-18,Q4,Assam,1.16,5.83,200.9,344.6
FY2017-18,Q4,Jharkhand,1.0,4.99,171.9,344.49
FY2017-18,Q4,Chhattisgarh,0.89,4.46,153.57,344.33
FY2017-18,Q4,Uttarakhand,0.84,4.23,145.88,344.87
FY2017-18,Q4,Himachal Pradesh,0.61,3.04,104.59,344.05
FY2017-18,Q4,Goa,0.48,2.41,83.19,345.19
FY2017-18,Q4,Tripura,0.33,1.65,56.71,343.7
FY2017-18,Q4,Meghalaya,0.2,1.01,34.63,342.87
FY2017-18,Q4,Manipur,0.16,0.78,26.9,344.87
FY2017-18,Q4,Nagaland,0.12,0.58,20.09,346.38
FY2017-18,Q4,Arunachal Pradesh,0.1,0.51,17.58,344.71
FY2017-18,Q4,Mizoram,0.08,0.41,14.03,342.2
FY2017-18,Q4,Sikkim,0.06,0.32,10.95,342.19
FY2017-18,Q4,Chandigarh,0.39,1.93,66.54,344.77
FY2017-18,Q4,Puducherry,0.27,1.33,45.96,345.56
FY2017-18,Q4,J&K,0.44,2.21,76.17,344.66
FY2017-18,Q4,Ladakh,0.03,0.14,4.9,350.0
FY2017-18,Q4,A&N Islands,0.05,0.26,8.79,338.08
FY2017-18,Q4,D&N Haveli,0.06,0.3,10.41,347.0
FY2017-18,Q4,Lakshadweep,0.01,0.05,1.76,352.0
FY2018-19,Q1,Maharashtra,16.66,110.11,3734.4,339.15
FY2018-19,Q1,Karnataka,13.12,86.75,2942.14,339.15
FY2018-19,Q1,Delhi,8.79,58.12,1971.3,339.18
FY2018-19,Q1,Tamil Nadu,7.3,48.26,1636.89,339.18
FY2018-19,Q1,Telangana,6.16,40.71,1380.69,339.15
FY2018-19,Q1,Gujarat,6.2,40.95,1388.83,339.15
FY2018-19,Q1,Uttar Pradesh,5.95,39.34,1334.13,339.13
FY2018-19,Q1,Rajasthan,5.56,36.73,1245.65,339.14
FY2018-19,Q1,West Bengal,3.96,26.2,888.66,339.18
FY2018-19,Q1,Kerala,3.85,25.42,862.23,339.19
FY2018-19,Q1,Madhya Pradesh,3.14,20.73,702.95,339.1
FY2018-19,Q1,Andhra Pradesh,3.29,21.74,737.22,339.11
FY2018-19,Q1,Haryana,2.72,18.0,610.5,339.17
FY2018-19,Q1,Punjab,2.74,18.11,614.35,339.23
FY2018-19,Q1,Bihar,2.11,13.98,474.09,339.12
FY2018-19,Q1,Odisha,1.65,10.89,369.44,339.25
FY2018-19,Q1,Assam,1.17,7.75,262.68,338.94
FY2018-19,Q1,Jharkhand,0.9,5.96,202.04,338.99
FY2018-19,Q1,Chhattisgarh,0.93,6.17,209.34,339.29
FY2018-19,Q1,Uttarakhand,0.72,4.74,160.83,339.3
FY2018-19,Q1,Himachal Pradesh,0.6,3.97,134.7,339.29
FY2018-19,Q1,Goa,0.45,2.96,100.44,339.32
FY2018-19,Q1,Tripura,0.3,1.95,66.18,339.38
FY2018-19,Q1,Meghalaya,0.22,1.43,48.52,339.3
FY2018-19,Q1,Manipur,0.15,1.01,34.23,338.91
FY2018-19,Q1,Nagaland,0.11,0.76,25.74,338.68
FY2018-19,Q1,Arunachal Pradesh,0.1,0.66,22.38,339.09
FY2018-19,Q1,Mizoram,0.08,0.53,17.95,338.68
FY2018-19,Q1,Sikkim,0.07,0.47,16.06,341.7
FY2018-19,Q1,Chandigarh,0.33,2.16,73.1,338.43
FY2018-19,Q1,Puducherry,0.26,1.7,57.71,339.47
FY2018-19,Q1,J&K,0.39,2.57,87.24,339.46
FY2018-19,Q1,Ladakh,0.03,0.19,6.51,342.63
FY2018-19,Q1,A&N Islands,0.05,0.32,10.94,341.88
FY2018-19,Q1,D&N Haveli,0.06,0.41,13.88,338.54
FY2018-19,Q1,Lakshadweep,0.01,0.07,2.24,320.0
FY2018-19,Q2,Maharashtra,15.34,146.32,5067.4,346.32
FY2018-19,Q2,Karnataka,12.17,116.07,4019.99,346.34
FY2018-19,Q2,Delhi,8.28,78.99,2735.61,346.32
FY2018-19,Q2,Tamil Nadu,7.07,67.45,2336.07,346.34
FY2018-19,Q2,Telangana,6.31,60.2,2084.97,346.34
FY2018-19,Q2,Gujarat,5.66,53.99,1869.85,346.33
FY2018-19,Q2,Uttar Pradesh,5.69,54.29,1880.06,346.3
FY2018-19,Q2,Rajasthan,4.68,44.6,1544.54,346.31
FY2018-19,Q2,West Bengal,4.18,39.88,1381.28,346.36
FY2018-19,Q2,Kerala,4.21,40.18,1391.45,346.3
FY2018-19,Q2,Madhya Pradesh,3.25,31.01,1073.86,346.29
FY2018-19,Q2,Andhra Pradesh,2.9,27.7,959.18,346.27
FY2018-19,Q2,Haryana,2.91,27.75,961.16,346.36
FY2018-19,Q2,Punjab,2.42,23.04,797.8,346.27
FY2018-19,Q2,Bihar,2.16,20.65,715.16,346.32
FY2018-19,Q2,Odisha,1.73,16.5,571.37,346.28
FY2018-19,Q2,Assam,1.18,11.3,391.25,346.24
FY2018-19,Q2,Jharkhand,1.08,10.3,356.73,346.34
FY2018-19,Q2,Chhattisgarh,0.94,8.93,309.22,346.27
FY2018-19,Q2,Uttarakhand,0.83,7.96,275.66,346.31
FY2018-19,Q2,Himachal Pradesh,0.56,5.32,184.16,346.17
FY2018-19,Q2,Goa,0.47,4.49,155.66,346.68
FY2018-19,Q2,Tripura,0.26,2.46,85.03,345.65
FY2018-19,Q2,Meghalaya,0.19,1.83,63.39,346.39
FY2018-19,Q2,Manipur,0.16,1.5,51.92,346.13
FY2018-19,Q2,Nagaland,0.12,1.17,40.66,347.52
FY2018-19,Q2,Arunachal Pradesh,0.1,0.94,32.67,347.55
FY2018-19,Q2,Mizoram,0.08,0.76,26.4,347.37
FY2018-19,Q2,Sikkim,0.07,0.64,22.33,348.91
FY2018-19,Q2,Chandigarh,0.35,3.37,116.8,346.59
FY2018-19,Q2,Puducherry,0.26,2.48,85.74,345.73
FY2018-19,Q2,J&K,0.41,3.95,136.64,345.92
FY2018-19,Q2,Ladakh,0.03,0.29,10.06,346.9
FY2018-19,Q2,A&N Islands,0.05,0.5,17.29,345.8
FY2018-19,Q2,D&N Haveli,0.06,0.56,19.41,346.61
FY2018-19,Q2,Lakshadweep,0.01,0.1,3.42,342.0
FY2018-19,Q3,Maharashtra,18.82,306.44,10614.53,346.38
FY2018-19,Q3,Karnataka,12.73,207.31,7180.77,346.38
FY2018-19,Q3,Delhi,8.36,136.13,4715.25,346.38
FY2018-19,Q3,Tamil Nadu,6.84,111.33,3856.22,346.38
FY2018-19,Q3,Telangana,6.56,106.79,3698.83,346.36
FY2018-19,Q3,Gujarat,5.93,96.6,3346.13,346.39
FY2018-19,Q3,Uttar Pradesh,5.55,90.42,3131.89,346.37
FY2018-19,Q3,Rajasthan,4.56,74.16,2568.9,346.4
FY2018-19,Q3,West Bengal,4.24,69.09,2392.99,346.36
FY2018-19,Q3,Kerala,4.08,66.39,2299.64,346.38
FY2018-19,Q3,Madhya Pradesh,3.58,58.26,2018.07,346.39
FY2018-19,Q3,Andhra Pradesh,3.35,54.61,1891.41,346.35
FY2018-19,Q3,Haryana,2.77,45.05,1560.32,346.35
FY2018-19,Q3,Punjab,2.59,42.23,1462.71,346.37
FY2018-19,Q3,Bihar,2.23,36.32,1257.99,346.36
FY2018-19,Q3,Odisha,1.71,27.91,966.83,346.41
FY2018-19,Q3,Assam,1.22,19.85,687.51,346.35
FY2018-19,Q3,Jharkhand,0.95,15.47,535.98,346.46
FY2018-19,Q3,Chhattisgarh,0.87,14.19,491.49,346.36
FY2018-19,Q3,Uttarakhand,0.81,13.15,455.42,346.33
FY2018-19,Q3,Himachal Pradesh,0.61,9.91,343.39,346.51
FY2018-19,Q3,Goa,0.47,7.66,265.2,346.21
FY2018-19,Q3,Tripura,0.32,5.14,178.1,346.5
FY2018-19,Q3,Meghalaya,0.21,3.35,116.01,346.3
FY2018-19,Q3,Manipur,0.14,2.36,81.61,345.81
FY2018-19,Q3,Nagaland,0.11,1.8,62.47,347.06
FY2018-19,Q3,Arunachal Pradesh,0.1,1.62,55.99,345.62
FY2018-19,Q3,Mizoram,0.08,1.27,44.11,347.32
FY2018-19,Q3,Sikkim,0.07,1.15,39.7,345.22
FY2018-19,Q3,Chandigarh,0.34,5.59,193.8,346.69
FY2018-19,Q3,Puducherry,0.22,3.66,126.83,346.53
FY2018-19,Q3,J&K,0.44,7.18,248.85,346.59
FY2018-19,Q3,Ladakh,0.03,0.48,16.66,347.08
FY2018-19,Q3,A&N Islands,0.05,0.84,29.09,346.31
FY2018-19,Q3,D&N Haveli,0.06,0.94,32.66,347.45
FY2018-19,Q3,Lakshadweep,0.01,0.18,6.11,339.44
FY2018-19,Q4,Maharashtra,14.92,320.31,10919.83,340.91
FY2018-19,Q4,Karnataka,13.64,292.75,9980.45,340.92
FY2018-19,Q4,Delhi,8.11,174.03,5933.05,340.92
FY2018-19,Q4,Tamil Nadu,7.41,158.94,5418.72,340.93
FY2018-19,Q4,Telangana,6.53,140.07,4775.35,340.93
FY2018-19,Q4,Gujarat,6.13,131.58,4485.97,340.93
FY2018-19,Q4,Uttar Pradesh,5.39,115.77,3946.68,340.91
FY2018-19,Q4,Rajasthan,4.54,97.37,3319.46,340.91
FY2018-19,Q4,West Bengal,4.5,96.55,3291.64,340.93
FY2018-19,Q4,Kerala,3.78,81.1,2764.87,340.92
FY2018-19,Q4,Madhya Pradesh,3.54,75.96,2589.5,340.9
FY2018-19,Q4,Andhra Pradesh,3.4,72.93,2486.16,340.9
FY2018-19,Q4,Haryana,2.66,57.0,1943.18,340.91
FY2018-19,Q4,Punjab,2.57,55.26,1883.84,340.9
FY2018-19,Q4,Bihar,2.14,45.83,1562.37,340.91
FY2018-19,Q4,Odisha,1.79,38.38,1308.45,340.92
FY2018-19,Q4,Assam,1.2,25.85,881.27,340.92
FY2018-19,Q4,Jharkhand,0.92,19.85,676.86,340.99
FY2018-19,Q4,Chhattisgarh,0.86,18.57,632.93,340.83
FY2018-19,Q4,Uttarakhand,0.85,18.33,624.95,340.94
FY2018-19,Q4,Himachal Pradesh,0.63,13.45,458.5,340.89
FY2018-19,Q4,Goa,0.5,10.7,364.73,340.87
FY2018-19,Q4,Tripura,0.3,6.52,222.19,340.78
FY2018-19,Q4,Meghalaya,0.2,4.23,144.2,340.9
FY2018-19,Q4,Manipur,0.16,3.44,117.21,340.73
FY2018-19,Q4,Nagaland,0.12,2.55,86.93,340.9
FY2018-19,Q4,Arunachal Pradesh,0.1,2.17,74.02,341.11
FY2018-19,Q4,Mizoram,0.08,1.82,61.89,340.05
FY2018-19,Q4,Sikkim,0.07,1.44,49.23,341.87
FY2018-19,Q4,Chandigarh,0.38,8.1,276.07,340.83
FY2018-19,Q4,Puducherry,0.23,4.96,168.94,340.6
FY2018-19,Q4,J&K,0.49,10.45,356.12,340.78
FY2018-19,Q4,Ladakh,0.03,0.63,21.54,341.9
FY2018-19,Q4,A&N Islands,0.05,1.06,36.14,340.94
FY2018-19,Q4,D&N Haveli,0.05,1.17,39.76,339.83
FY2018-19,Q4,Lakshadweep,0.01,0.21,7.32,348.57
FY2019-20,Q1,Maharashtra,15.64,355.06,12163.97,342.59
FY2019-20,Q1,Karnataka,12.41,281.72,9651.37,342.59
FY2019-20,Q1,Delhi,8.14,184.85,6332.87,342.6
FY2019-20,Q1,Tamil Nadu,7.44,168.88,5785.65,342.59
FY2019-20,Q1,Telangana,6.57,149.08,5107.13,342.58
FY2019-20,Q1,Gujarat,5.89,133.68,4579.7,342.59
FY2019-20,Q1,Uttar Pradesh,5.2,118.01,4042.74,342.58
FY2019-20,Q1,Rajasthan,4.59,104.16,3568.29,342.58
FY2019-20,Q1,West Bengal,4.58,103.91,3559.83,342.59
FY2019-20,Q1,Kerala,3.66,83.09,2846.4,342.57
FY2019-20,Q1,Madhya Pradesh,3.79,86.03,2947.13,342.57
FY2019-20,Q1,Andhra Pradesh,3.16,71.75,2458.21,342.61
FY2019-20,Q1,Haryana,2.8,63.56,2177.64,342.61
FY2019-20,Q1,Punjab,2.63,59.78,2048.14,342.61
FY2019-20,Q1,Bihar,2.34,53.11,1819.61,342.61
FY2019-20,Q1,Odisha,1.79,40.63,1392.0,342.6
FY2019-20,Q1,Assam,1.18,26.71,915.05,342.59
FY2019-20,Q1,Jharkhand,1.0,22.64,775.47,342.52
FY2019-20,Q1,Chhattisgarh,0.92,20.77,711.7,342.66
FY2019-20,Q1,Uttarakhand,0.84,18.97,649.84,342.56
FY2019-20,Q1,Himachal Pradesh,0.6,13.62,466.68,342.64
FY2019-20,Q1,Goa,0.52,11.7,400.85,342.61
FY2019-20,Q1,Tripura,0.32,7.37,252.4,342.47
FY2019-20,Q1,Meghalaya,0.2,4.63,158.49,342.31
FY2019-20,Q1,Manipur,0.15,3.46,118.46,342.37
FY2019-20,Q1,Nagaland,0.11,2.52,86.23,342.18
FY2019-20,Q1,Arunachal Pradesh,0.09,1.97,67.54,342.84
FY2019-20,Q1,Mizoram,0.08,1.85,63.42,342.81
FY2019-20,Q1,Sikkim,0.07,1.58,54.18,342.91
FY2019-20,Q1,Chandigarh,0.34,7.74,265.17,342.6
FY2019-20,Q1,Puducherry,0.25,5.74,196.78,342.82
FY2019-20,Q1,J&K,0.45,10.18,348.88,342.71
FY2019-20,Q1,Ladakh,0.03,0.72,24.64,342.22
FY2019-20,Q1,A&N Islands,0.05,1.14,39.05,342.54
FY2019-20,Q1,D&N Haveli,0.06,1.31,44.92,342.9
FY2019-20,Q1,Lakshadweep,0.01,0.24,8.16,340.0
FY2019-20,Q2,Maharashtra,16.32,439.95,15303.75,347.85
FY2019-20,Q2,Karnataka,13.14,354.12,12318.29,347.86
FY2019-20,Q2,Delhi,8.0,215.76,7505.44,347.86
FY2019-20,Q2,Tamil Nadu,6.87,185.17,6441.22,347.85
FY2019-20,Q2,Telangana,6.53,175.95,6120.57,347.86
FY2019-20,Q2,Gujarat,5.8,156.45,5442.03,347.84
FY2019-20,Q2,Uttar Pradesh,5.63,151.81,5280.97,347.87
FY2019-20,Q2,Rajasthan,4.74,127.65,4440.41,347.86
FY2019-20,Q2,West Bengal,3.81,102.82,3576.65,347.86
FY2019-20,Q2,Kerala,3.72,100.22,3486.08,347.84
FY2019-20,Q2,Madhya Pradesh,3.64,98.09,3412.14,347.86
FY2019-20,Q2,Andhra Pradesh,3.15,84.98,2955.96,347.84
FY2019-20,Q2,Haryana,2.77,74.55,2593.16,347.84
FY2019-20,Q2,Punjab,2.62,70.71,2459.81,347.87
FY2019-20,Q2,Bihar,2.12,57.19,1989.46,347.87
FY2019-20,Q2,Odisha,1.66,44.78,1557.62,347.84
FY2019-20,Q2,Assam,1.19,32.09,1116.18,347.83
FY2019-20,Q2,Jharkhand,0.98,26.3,914.98,347.9
FY2019-20,Q2,Chhattisgarh,0.86,23.09,803.14,347.83
FY2019-20,Q2,Uttarakhand,0.79,21.38,743.57,347.79
FY2019-20,Q2,Himachal Pradesh,0.61,16.57,576.43,347.88
FY2019-20,Q2,Goa,0.5,13.47,468.62,347.9
FY2019-20,Q2,Tripura,0.3,8.21,285.62,347.89
FY2019-20,Q2,Meghalaya,0.22,5.88,204.54,347.86
FY2019-20,Q2,Manipur,0.15,3.97,138.24,348.21
FY2019-20,Q2,Nagaland,0.12,3.28,114.09,347.84
FY2019-20,Q2,Arunachal Pradesh,0.1,2.63,91.38,347.45
FY2019-20,Q2,Mizoram,0.08,2.07,71.84,347.05
FY2019-20,Q2,Sikkim,0.07,1.83,63.72,348.2
FY2019-20,Q2,Chandigarh,0.34,9.21,320.33,347.81
FY2019-20,Q2,Puducherry,0.25,6.86,238.63,347.86
FY2019-20,Q2,J&K,0.5,13.55,471.52,347.99
FY2019-20,Q2,Ladakh,0.03,0.78,27.12,347.69
FY2019-20,Q2,A&N Islands,0.05,1.32,45.91,347.8
FY2019-20,Q2,D&N Haveli,0.06,1.61,56.08,348.32
FY2019-20,Q2,Lakshadweep,0.01,0.27,9.56,354.07
FY2019-20,Q3,Maharashtra,16.72,614.47,21823.27,355.16
FY2019-20,Q3,Karnataka,13.62,500.68,17782.2,355.16
FY2019-20,Q3,Delhi,7.21,264.83,9405.79,355.16
FY2019-20,Q3,Tamil Nadu,6.25,229.82,8162.32,355.16
FY2019-20,Q3,Telangana,6.34,232.99,8274.85,355.16
FY2019-20,Q3,Gujarat,6.12,224.88,7986.84,355.16
FY2019-20,Q3,Uttar Pradesh,5.07,186.33,6617.76,355.16
FY2019-20,Q3,Rajasthan,4.08,149.9,5323.72,355.15
FY2019-20,Q3,West Bengal,4.32,158.78,5639.35,355.17
FY2019-20,Q3,Kerala,3.85,141.37,5021.03,355.17
FY2019-20,Q3,Madhya Pradesh,3.31,121.63,4319.91,355.17
FY2019-20,Q3,Andhra Pradesh,3.04,111.82,3971.5,355.17
FY2019-20,Q3,Haryana,2.66,97.93,3477.95,355.15
FY2019-20,Q3,Punjab,2.51,92.4,3281.59,355.15
FY2019-20,Q3,Bihar,2.13,78.33,2781.99,355.16
FY2019-20,Q3,Odisha,1.84,67.8,2407.8,355.13
FY2019-20,Q3,Assam,1.03,37.81,1342.91,355.17
FY2019-20,Q3,Jharkhand,0.96,35.18,1249.49,355.17
FY2019-20,Q3,Chhattisgarh,0.85,31.22,1108.73,355.13
FY2019-20,Q3,Uttarakhand,0.79,29.03,1030.95,355.13
FY2019-20,Q3,Himachal Pradesh,0.58,21.46,762.18,355.16
FY2019-20,Q3,Goa,0.52,19.11,678.75,355.18
FY2019-20,Q3,Tripura,0.27,10.0,355.22,355.22
FY2019-20,Q3,Meghalaya,0.2,7.37,261.68,355.06
FY2019-20,Q3,Manipur,0.15,5.67,201.28,354.99
FY2019-20,Q3,Nagaland,0.13,4.82,171.19,355.17
FY2019-20,Q3,Arunachal Pradesh,0.1,3.59,127.4,354.87
FY2019-20,Q3,Mizoram,0.08,2.99,106.13,354.95
FY2019-20,Q3,Sikkim,0.06,2.34,83.14,355.3
FY2019-20,Q3,Chandigarh,0.31,11.33,402.25,355.03
FY2019-20,Q3,Puducherry,0.26,9.58,340.14,355.05
FY2019-20,Q3,J&K,0.45,16.54,587.28,355.07
FY2019-20,Q3,Ladakh,0.03,1.17,41.47,354.44
FY2019-20,Q3,A&N Islands,0.05,1.71,60.79,355.5
FY2019-20,Q3,D&N Haveli,0.06,2.26,80.36,355.58
FY2019-20,Q3,Lakshadweep,0.01,0.4,14.27,356.75
FY2019-20,Q4,Maharashtra,16.85,652.78,22960.61,351.74
FY2019-20,Q4,Karnataka,12.98,502.85,17687.02,351.74
FY2019-20,Q4,Delhi,8.2,317.88,11180.97,351.74
FY2019-20,Q4,Tamil Nadu,6.54,253.51,8916.88,351.74
FY2019-20,Q4,Telangana,6.94,268.94,9459.64,351.74
FY2019-20,Q4,Gujarat,5.62,217.88,7663.67,351.74
FY2019-20,Q4,Uttar Pradesh,5.64,218.5,7685.31,351.73
FY2019-20,Q4,Rajasthan,4.42,171.46,6030.88,351.74
FY2019-20,Q4,West Bengal,3.95,153.15,5386.81,351.73
FY2019-20,Q4,Kerala,4.07,157.81,5550.84,351.74
FY2019-20,Q4,Madhya Pradesh,3.44,133.27,4687.49,351.73
FY2019-20,Q4,Andhra Pradesh,3.43,133.01,4678.36,351.73
FY2019-20,Q4,Haryana,2.79,108.07,3801.33,351.75
FY2019-20,Q4,Punjab,2.27,87.95,3093.57,351.74
FY2019-20,Q4,Bihar,2.3,89.05,3132.23,351.74
FY2019-20,Q4,Odisha,1.75,67.69,2380.95,351.74
FY2019-20,Q4,Assam,1.24,48.12,1692.68,351.76
FY2019-20,Q4,Jharkhand,1.0,38.8,1364.67,351.72
FY2019-20,Q4,Chhattisgarh,0.83,32.18,1132.01,351.77
FY2019-20,Q4,Uttarakhand,0.81,31.25,1099.32,351.78
FY2019-20,Q4,Himachal Pradesh,0.67,25.8,907.57,351.77
FY2019-20,Q4,Goa,0.51,19.85,698.27,351.77
FY2019-20,Q4,Tripura,0.3,11.59,407.71,351.78
FY2019-20,Q4,Meghalaya,0.21,8.17,287.25,351.59
FY2019-20,Q4,Manipur,0.15,5.87,206.6,351.96
FY2019-20,Q4,Nagaland,0.12,4.7,165.27,351.64
FY2019-20,Q4,Arunachal Pradesh,0.09,3.66,128.86,352.08
FY2019-20,Q4,Mizoram,0.08,3.14,110.31,351.31
FY2019-20,Q4,Sikkim,0.07,2.85,100.35,352.11
FY2019-20,Q4,Chandigarh,0.34,13.0,457.09,351.61
FY2019-20,Q4,Puducherry,0.27,10.38,365.01,351.65
FY2019-20,Q4,J&K,0.45,17.36,610.52,351.68
FY2019-20,Q4,Ladakh,0.03,1.11,39.07,351.98
FY2019-20,Q4,A&N Islands,0.05,2.03,71.55,352.46
FY2019-20,Q4,D&N Haveli,0.06,2.29,80.6,351.97
FY2019-20,Q4,Lakshadweep,0.01,0.4,14.15,353.75
FY2020-21,Q1,Maharashtra,16.26,581.14,19894.39,342.33
FY2020-21,Q1,Karnataka,12.76,456.13,15614.85,342.33
FY2020-21,Q1,Delhi,8.4,300.32,10280.88,342.33
FY2020-21,Q1,Tamil Nadu,7.2,257.46,8813.7,342.33
FY2020-21,Q1,Telangana,5.85,209.14,7159.66,342.34
FY2020-21,Q1,Gujarat,5.47,195.68,6698.85,342.34
FY2020-21,Q1,Uttar Pradesh,5.76,205.72,7042.36,342.33
FY2020-21,Q1,Rajasthan,4.77,170.43,5834.33,342.33
FY2020-21,Q1,West Bengal,4.09,146.19,5004.42,342.32
FY2020-21,Q1,Kerala,3.54,126.59,4333.73,342.34
FY2020-21,Q1,Madhya Pradesh,3.31,118.34,4051.3,342.34
FY2020-21,Q1,Andhra Pradesh,2.88,102.81,3519.61,342.34
FY2020-21,Q1,Haryana,2.79,99.57,3408.65,342.34
FY2020-21,Q1,Punjab,2.43,86.68,2967.4,342.34
FY2020-21,Q1,Bihar,2.09,74.83,2561.76,342.34
FY2020-21,Q1,Odisha,1.79,64.12,2194.92,342.31
FY2020-21,Q1,Assam,1.22,43.67,1495.0,342.34
FY2020-21,Q1,Jharkhand,1.1,39.48,1351.63,342.36
FY2020-21,Q1,Chhattisgarh,0.83,29.74,1017.97,342.29
FY2020-21,Q1,Uttarakhand,0.85,30.25,1035.6,342.35
FY2020-21,Q1,Himachal Pradesh,0.63,22.49,769.86,342.31
FY2020-21,Q1,Goa,0.48,17.17,587.95,342.43
FY2020-21,Q1,Tripura,0.3,10.83,370.8,342.38
FY2020-21,Q1,Meghalaya,0.2,6.98,239.11,342.56
FY2020-21,Q1,Manipur,0.15,5.41,185.24,342.4
FY2020-21,Q1,Nagaland,0.13,4.61,157.91,342.54
FY2020-21,Q1,Arunachal Pradesh,0.1,3.68,126.06,342.55
FY2020-21,Q1,Mizoram,0.08,2.93,100.37,342.56
FY2020-21,Q1,Sikkim,0.07,2.45,83.81,342.08
FY2020-21,Q1,Chandigarh,0.32,11.58,396.47,342.37
FY2020-21,Q1,Puducherry,0.25,8.84,302.7,342.42
FY2020-21,Q1,J&K,0.48,17.05,583.82,342.42
FY2020-21,Q1,Ladakh,0.03,0.99,33.9,342.42
FY2020-21,Q1,A&N Islands,0.05,1.69,57.95,342.9
FY2020-21,Q1,D&N Haveli,0.06,2.16,73.88,342.04
FY2020-21,Q1,Lakshadweep,0.01,0.36,12.24,340.0
FY2020-21,Q2,Maharashtra,15.85,779.05,27129.43,348.24
FY2020-21,Q2,Karnataka,12.53,615.96,21450.1,348.24
FY2020-21,Q2,Delhi,7.64,375.61,13080.23,348.24
FY2020-21,Q2,Tamil Nadu,6.75,332.06,11563.51,348.24
FY2020-21,Q2,Telangana,6.73,330.8,11519.72,348.24
FY2020-21,Q2,Gujarat,5.42,266.51,9280.79,348.23
FY2020-21,Q2,Uttar Pradesh,5.06,248.79,8663.97,348.24
FY2020-21,Q2,Rajasthan,4.65,228.55,7958.97,348.24
FY2020-21,Q2,West Bengal,4.35,214.04,7453.77,348.24
FY2020-21,Q2,Kerala,3.76,184.98,6441.73,348.24
FY2020-21,Q2,Madhya Pradesh,3.42,168.07,5852.98,348.25
FY2020-21,Q2,Andhra Pradesh,3.21,157.67,5490.71,348.24
FY2020-21,Q2,Haryana,2.56,125.64,4375.32,348.24
FY2020-21,Q2,Punjab,2.56,125.95,4386.0,348.23
FY2020-21,Q2,Bihar,2.24,110.23,3838.72,348.25
FY2020-21,Q2,Odisha,1.76,86.68,3018.62,348.25
FY2020-21,Q2,Assam,1.26,61.96,2157.79,348.26
FY2020-21,Q2,Jharkhand,0.94,46.39,1615.53,348.25
FY2020-21,Q2,Chhattisgarh,0.95,46.74,1627.74,348.25
FY2020-21,Q2,Uttarakhand,0.81,39.63,1380.22,348.28
FY2020-21,Q2,Himachal Pradesh,0.59,29.0,1009.94,348.26
FY2020-21,Q2,Goa,0.5,24.56,855.17,348.2
FY2020-21,Q2,Tripura,0.3,14.67,510.86,348.23
FY2020-21,Q2,Meghalaya,0.21,10.43,363.3,348.32
FY2020-21,Q2,Manipur,0.14,6.98,242.98,348.11
FY2020-21,Q2,Nagaland,0.12,5.67,197.61,348.52
FY2020-21,Q2,Arunachal Pradesh,0.11,5.17,180.08,348.32
FY2020-21,Q2,Mizoram,0.08,3.82,132.89,347.88
FY2020-21,Q2,Sikkim,0.07,3.6,125.24,347.89
FY2020-21,Q2,Chandigarh,0.38,18.67,650.13,348.22
FY2020-21,Q2,Puducherry,0.24,12.04,419.41,348.35
FY2020-21,Q2,J&K,0.47,22.88,796.67,348.19
FY2020-21,Q2,Ladakh,0.03,1.39,48.4,348.2
FY2020-21,Q2,A&N Islands,0.05,2.55,88.83,348.35
FY2020-21,Q2,D&N Haveli,0.06,2.98,103.75,348.15
FY2020-21,Q2,Lakshadweep,0.01,0.5,17.53,350.6
FY2020-21,Q3,Maharashtra,15.97,1040.29,36121.46,347.22
FY2020-21,Q3,Karnataka,11.74,764.67,26551.23,347.22
FY2020-21,Q3,Delhi,8.41,547.68,19016.81,347.22
FY2020-21,Q3,Tamil Nadu,6.37,414.85,14404.54,347.22
FY2020-21,Q3,Telangana,6.4,416.76,14470.98,347.23
FY2020-21,Q3,Gujarat,6.07,395.66,13738.21,347.22
FY2020-21,Q3,Uttar Pradesh,5.55,361.77,12561.48,347.22
FY2020-21,Q3,Rajasthan,5.27,343.19,11916.37,347.22
FY2020-21,Q3,West Bengal,4.42,287.66,9988.23,347.22
FY2020-21,Q3,Kerala,3.68,239.48,8315.3,347.22
FY2020-21,Q3,Madhya Pradesh,3.5,228.34,7928.51,347.22
FY2020-21,Q3,Andhra Pradesh,3.19,207.99,7221.89,347.22
FY2020-21,Q3,Haryana,2.58,167.99,5833.07,347.23
FY2020-21,Q3,Punjab,2.38,155.22,5389.58,347.22
FY2020-21,Q3,Bihar,2.14,139.31,4837.3,347.23
FY2020-21,Q3,Odisha,1.62,105.33,3657.39,347.23
FY2020-21,Q3,Assam,1.2,78.37,2721.09,347.21
FY2020-21,Q3,Jharkhand,0.99,64.34,2234.03,347.22
FY2020-21,Q3,Chhattisgarh,0.82,53.73,1865.68,347.23
FY2020-21,Q3,Uttarakhand,0.82,53.17,1846.34,347.25
FY2020-21,Q3,Himachal Pradesh,0.62,40.49,1405.9,347.22
FY2020-21,Q3,Goa,0.51,32.95,1143.94,347.17
FY2020-21,Q3,Tripura,0.3,19.23,667.66,347.2
FY2020-21,Q3,Meghalaya,0.21,13.42,465.82,347.11
FY2020-21,Q3,Manipur,0.16,10.11,350.87,347.05
FY2020-21,Q3,Nagaland,0.12,7.94,275.64,347.15
FY2020-21,Q3,Arunachal Pradesh,0.1,6.25,216.89,347.02
FY2020-21,Q3,Mizoram,0.08,5.28,183.48,347.5
FY2020-21,Q3,Sikkim,0.07,4.83,167.82,347.45
FY2020-21,Q3,Chandigarh,0.34,22.12,768.15,347.26
FY2020-21,Q3,Puducherry,0.28,18.0,624.87,347.15
FY2020-21,Q3,J&K,0.44,28.55,991.24,347.19
FY2020-21,Q3,Ladakh,0.03,1.96,67.98,346.84
FY2020-21,Q3,A&N Islands,0.05,3.15,109.31,347.02
FY2020-21,Q3,D&N Haveli,0.06,3.95,137.25,347.47
FY2020-21,Q3,Lakshadweep,0.01,0.65,22.62,348.0
FY2020-21,Q4,Maharashtra,16.05,1175.93,41006.51,348.72
FY2020-21,Q4,Karnataka,12.1,886.63,30918.16,348.72
FY2020-21,Q4,Delhi,8.26,604.87,21092.77,348.72
FY2020-21,Q4,Tamil Nadu,7.45,546.08,19042.49,348.71
FY2020-21,Q4,Telangana,6.71,491.63,17143.93,348.72
FY2020-21,Q4,Gujarat,5.11,374.57,13061.72,348.71
FY2020-21,Q4,Uttar Pradesh,6.06,444.13,15487.31,348.71
FY2020-21,Q4,Rajasthan,4.87,356.88,12445.07,348.72
FY2020-21,Q4,West Bengal,4.04,295.78,10314.37,348.72
FY2020-21,Q4,Kerala,3.83,280.61,9785.28,348.71
FY2020-21,Q4,Madhya Pradesh,3.53,258.7,9021.28,348.72
FY2020-21,Q4,Andhra Pradesh,3.09,226.64,7903.39,348.72
FY2020-21,Q4,Haryana,2.83,207.18,7224.79,348.72
FY2020-21,Q4,Punjab,2.42,177.61,6193.49,348.71
FY2020-21,Q4,Bihar,2.16,157.93,5507.35,348.72
FY2020-21,Q4,Odisha,1.74,127.36,4441.19,348.71
FY2020-21,Q4,Assam,1.11,81.62,2846.37,348.73
FY2020-21,Q4,Jharkhand,1.01,73.8,2573.63,348.73
FY2020-21,Q4,Chhattisgarh,0.93,67.87,2366.79,348.72
FY2020-21,Q4,Uttarakhand,0.82,60.12,2096.62,348.74
FY2020-21,Q4,Himachal Pradesh,0.62,45.76,1595.85,348.74
FY2020-21,Q4,Goa,0.51,37.23,1298.22,348.7
FY2020-21,Q4,Tripura,0.29,21.4,746.08,348.64
FY2020-21,Q4,Meghalaya,0.21,15.27,532.45,348.69
FY2020-21,Q4,Manipur,0.14,10.24,357.24,348.87
FY2020-21,Q4,Nagaland,0.11,8.4,292.79,348.56
FY2020-21,Q4,Arunachal Pradesh,0.1,6.97,243.18,348.9
FY2020-21,Q4,Mizoram,0.08,6.18,215.44,348.61
FY2020-21,Q4,Sikkim,0.07,5.37,187.28,348.75
FY2020-21,Q4,Chandigarh,0.36,26.27,916.04,348.7
FY2020-21,Q4,Puducherry,0.26,19.3,672.98,348.69
FY2020-21,Q4,J&K,0.43,31.52,1099.2,348.73
FY2020-21,Q4,Ladakh,0.03,2.24,77.99,348.17
FY2020-21,Q4,A&N Islands,0.05,3.64,126.95,348.76
FY2020-21,Q4,D&N Haveli,0.06,4.58,159.79,348.89
FY2020-21,Q4,Lakshadweep,0.01,0.73,25.55,350.0
FY2021-22,Q1,Maharashtra,16.18,1291.36,44372.2,343.61
FY2021-22,Q1,Karnataka,13.15,1049.07,36046.83,343.61
FY2021-22,Q1,Delhi,8.56,683.03,23469.41,343.61
FY2021-22,Q1,Tamil Nadu,6.86,547.65,18817.63,343.61
FY2021-22,Q1,Telangana,6.48,517.12,17768.57,343.61
FY2021-22,Q1,Gujarat,5.49,438.35,15061.95,343.61
FY2021-22,Q1,Uttar Pradesh,4.81,384.08,13197.34,343.61
FY2021-22,Q1,Rajasthan,4.85,386.88,13293.52,343.61
FY2021-22,Q1,West Bengal,4.33,345.36,11867.02,343.61
FY2021-22,Q1,Kerala,3.85,307.21,10556.13,343.61
FY2021-22,Q1,Madhya Pradesh,3.16,252.07,8661.5,343.61
FY2021-22,Q1,Andhra Pradesh,3.14,250.88,8620.48,343.61
FY2021-22,Q1,Haryana,2.49,198.66,6826.02,343.6
FY2021-22,Q1,Punjab,2.67,213.16,7324.47,343.61
FY2021-22,Q1,Bihar,2.08,166.03,5704.82,343.6
FY2021-22,Q1,Odisha,1.91,152.66,5245.41,343.6
FY2021-22,Q1,Assam,1.26,100.29,3446.01,343.6
FY2021-22,Q1,Jharkhand,0.95,76.21,2618.53,343.59
FY2021-22,Q1,Chhattisgarh,0.85,67.75,2328.03,343.62
FY2021-22,Q1,Uttarakhand,0.81,64.96,2232.03,343.6
FY2021-22,Q1,Himachal Pradesh,0.57,45.86,1575.75,343.6
FY2021-22,Q1,Goa,0.5,40.1,1378.03,343.65
FY2021-22,Q1,Tripura,0.29,23.36,802.74,343.64
FY2021-22,Q1,Meghalaya,0.18,14.54,499.56,343.58
FY2021-22,Q1,Manipur,0.13,10.64,365.43,343.45
FY2021-22,Q1,Nagaland,0.12,9.68,332.77,343.77
FY2021-22,Q1,Arunachal Pradesh,0.1,7.76,266.5,343.43
FY2021-22,Q1,Mizoram,0.08,6.21,213.29,343.46
FY2021-22,Q1,Sikkim,0.07,5.78,198.62,343.63
FY2021-22,Q1,Chandigarh,0.37,29.57,1016.01,343.59
FY2021-22,Q1,Puducherry,0.25,19.68,676.16,343.58
FY2021-22,Q1,J&K,0.44,35.3,1212.89,343.59
FY2021-22,Q1,Ladakh,0.03,2.45,84.32,344.16
FY2021-22,Q1,A&N Islands,0.05,3.72,127.8,343.55
FY2021-22,Q1,D&N Haveli,0.06,4.84,166.36,343.72
FY2021-22,Q1,Lakshadweep,0.01,0.82,28.18,343.66
FY2021-22,Q2,Maharashtra,17.06,1782.86,60342.02,338.46
FY2021-22,Q2,Karnataka,11.56,1208.05,40887.1,338.46
FY2021-22,Q2,Delhi,7.89,824.26,27897.73,338.46
FY2021-22,Q2,Tamil Nadu,6.79,709.36,24008.56,338.45
FY2021-22,Q2,Telangana,6.53,682.63,23104.02,338.46
FY2021-22,Q2,Gujarat,5.94,620.66,21006.53,338.45
FY2021-22,Q2,Uttar Pradesh,5.91,617.75,20908.13,338.46
FY2021-22,Q2,Rajasthan,4.68,489.18,16556.5,338.45
FY2021-22,Q2,West Bengal,4.1,427.97,14485.0,338.46
FY2021-22,Q2,Kerala,4.02,419.92,14212.41,338.46
FY2021-22,Q2,Madhya Pradesh,3.55,371.17,12562.36,338.45
FY2021-22,Q2,Andhra Pradesh,3.4,355.59,12035.11,338.45
FY2021-22,Q2,Haryana,2.84,296.82,10046.0,338.45
FY2021-22,Q2,Punjab,2.36,246.13,8330.44,338.46
FY2021-22,Q2,Bihar,2.05,214.57,7262.31,338.46
FY2021-22,Q2,Odisha,1.66,173.5,5872.38,338.47
FY2021-22,Q2,Assam,1.24,129.55,4384.65,338.45
FY2021-22,Q2,Jharkhand,1.06,110.71,3746.99,338.45
FY2021-22,Q2,Chhattisgarh,0.98,102.74,3477.46,338.47
FY2021-22,Q2,Uttarakhand,0.83,87.12,2948.72,338.47
FY2021-22,Q2,Himachal Pradesh,0.63,66.34,2245.46,338.48
FY2021-22,Q2,Goa,0.49,50.73,1717.11,338.48
FY2021-22,Q2,Tripura,0.28,29.54,999.69,338.42
FY2021-22,Q2,Meghalaya,0.21,21.79,737.43,338.43
FY2021-22,Q2,Manipur,0.15,16.0,541.6,338.5
FY2021-22,Q2,Nagaland,0.12,12.61,426.7,338.38
FY2021-22,Q2,Arunachal Pradesh,0.1,10.65,360.53,338.53
FY2021-22,Q2,Mizoram,0.08,8.49,287.52,338.66
FY2021-22,Q2,Sikkim,0.07,7.78,263.47,338.65
FY2021-22,Q2,Chandigarh,0.37,38.94,1318.03,338.48
FY2021-22,Q2,Puducherry,0.26,26.84,908.26,338.4
FY2021-22,Q2,J&K,0.47,49.01,1658.87,338.48
FY2021-22,Q2,Ladakh,0.03,3.22,108.83,337.98
FY2021-22,Q2,A&N Islands,0.05,5.1,172.76,338.75
FY2021-22,Q2,D&N Haveli,0.06,6.51,220.24,338.31
FY2021-22,Q2,Lakshadweep,0.01,1.04,35.37,340.1
FY2021-22,Q3,Maharashtra,17.37,2252.05,76241.51,338.54
FY2021-22,Q3,Karnataka,12.04,1560.48,52828.65,338.54
FY2021-22,Q3,Delhi,8.32,1078.37,36507.43,338.54
FY2021-22,Q3,Tamil Nadu,6.8,881.66,29847.79,338.54
FY2021-22,Q3,Telangana,6.68,866.08,29320.54,338.54
FY2021-22,Q3,Gujarat,5.79,750.73,25415.34,338.54
FY2021-22,Q3,Uttar Pradesh,5.06,656.25,22216.69,338.54
FY2021-22,Q3,Rajasthan,4.9,635.44,21512.31,338.54
FY2021-22,Q3,West Bengal,4.08,528.82,17902.77,338.54
FY2021-22,Q3,Kerala,3.97,514.4,17414.58,338.54
FY2021-22,Q3,Madhya Pradesh,3.5,453.83,15363.92,338.54
FY2021-22,Q3,Andhra Pradesh,3.26,423.1,14323.79,338.54
FY2021-22,Q3,Haryana,2.67,345.66,11701.88,338.54
FY2021-22,Q3,Punjab,2.43,314.59,10650.15,338.54
FY2021-22,Q3,Bihar,2.15,278.7,9435.23,338.54
FY2021-22,Q3,Odisha,1.88,243.38,8239.36,338.54
FY2021-22,Q3,Assam,1.3,168.64,5709.04,338.53
FY2021-22,Q3,Jharkhand,0.96,124.44,4212.69,338.53
FY2021-22,Q3,Chhattisgarh,0.95,122.97,4163.16,338.55
FY2021-22,Q3,Uttarakhand,0.71,92.47,3130.58,338.55
FY2021-22,Q3,Himachal Pradesh,0.56,73.15,2476.39,338.54
FY2021-22,Q3,Goa,0.48,61.72,2089.49,338.54
FY2021-22,Q3,Tripura,0.28,36.27,1227.77,338.51
FY2021-22,Q3,Meghalaya,0.18,23.88,808.37,338.51
FY2021-22,Q3,Manipur,0.15,19.85,672.01,338.54
FY2021-22,Q3,Nagaland,0.12,15.39,521.09,338.59
FY2021-22,Q3,Arunachal Pradesh,0.1,13.21,447.27,338.58
FY2021-22,Q3,Mizoram,0.08,10.73,363.28,338.56
FY2021-22,Q3,Sikkim,0.07,9.2,311.34,338.41
FY2021-22,Q3,Chandigarh,0.36,46.87,1586.82,338.56
FY2021-22,Q3,Puducherry,0.25,32.3,1093.53,338.55
FY2021-22,Q3,J&K,0.42,54.88,1858.0,338.56
FY2021-22,Q3,Ladakh,0.03,4.1,138.65,338.17
FY2021-22,Q3,A&N Islands,0.05,6.29,213.01,338.65
FY2021-22,Q3,D&N Haveli,0.06,7.42,251.04,338.33
FY2021-22,Q3,Lakshadweep,0.01,1.3,43.89,337.62
FY2021-22,Q4,Maharashtra,15.75,2291.84,76901.71,335.55
FY2021-22,Q4,Karnataka,12.53,1824.06,61205.4,335.54
FY2021-22,Q4,Delhi,8.34,1213.97,40734.41,335.55
FY2021-22,Q4,Tamil Nadu,7.22,1051.35,35277.47,335.54
FY2021-22,Q4,Telangana,6.21,903.55,30318.39,335.55
FY2021-22,Q4,Gujarat,5.66,823.56,27634.17,335.55
FY2021-22,Q4,Uttar Pradesh,5.8,843.48,28302.62,335.55
FY2021-22,Q4,Rajasthan,4.92,715.94,24023.09,335.55
FY2021-22,Q4,West Bengal,4.64,674.7,22639.22,335.54
FY2021-22,Q4,Kerala,4.02,585.69,19652.7,335.55
FY2021-22,Q4,Madhya Pradesh,3.7,538.54,18070.55,335.55
FY2021-22,Q4,Andhra Pradesh,2.98,433.42,14543.07,335.54
FY2021-22,Q4,Haryana,2.91,423.08,14196.33,335.55
FY2021-22,Q4,Punjab,2.49,362.89,12176.58,335.54
FY2021-22,Q4,Bihar,2.14,311.37,10447.93,335.55
FY2021-22,Q4,Odisha,1.82,264.18,8864.33,335.54
FY2021-22,Q4,Assam,1.26,182.9,6137.28,335.55
FY2021-22,Q4,Jharkhand,1.03,149.19,5005.89,335.54
FY2021-22,Q4,Chhattisgarh,0.86,125.23,4202.18,335.56
FY2021-22,Q4,Uttarakhand,0.83,120.76,4051.91,335.53
FY2021-22,Q4,Himachal Pradesh,0.58,84.54,2836.75,335.55
FY2021-22,Q4,Goa,0.51,73.56,2468.25,335.54
FY2021-22,Q4,Tripura,0.3,43.0,1442.86,335.55
FY2021-22,Q4,Meghalaya,0.2,28.79,966.03,335.54
FY2021-22,Q4,Manipur,0.16,22.67,760.61,335.51
FY2021-22,Q4,Nagaland,0.11,16.56,555.55,335.48
FY2021-22,Q4,Arunachal Pradesh,0.11,15.97,535.86,335.54
FY2021-22,Q4,Mizoram,0.07,10.58,355.11,335.64
FY2021-22,Q4,Sikkim,0.07,9.88,331.64,335.67
FY2021-22,Q4,Chandigarh,0.36,51.88,1740.9,335.56
FY2021-22,Q4,Puducherry,0.26,37.45,1256.57,335.53
FY2021-22,Q4,J&K,0.45,65.16,2186.58,335.57
FY2021-22,Q4,Ladakh,0.03,4.35,146.09,335.84
FY2021-22,Q4,A&N Islands,0.05,7.43,249.19,335.38
FY2021-22,Q4,D&N Haveli,0.06,8.63,289.63,335.61
FY2021-22,Q4,Lakshadweep,0.01,1.56,52.24,334.87
FY2022-23,Q1,Maharashtra,17.19,2990.63,101779.38,340.33
FY2022-23,Q1,Karnataka,13.36,2323.73,79082.96,340.33
FY2022-23,Q1,Delhi,7.8,1357.48,46198.94,340.33
FY2022-23,Q1,Tamil Nadu,7.07,1230.14,41865.16,340.33
FY2022-23,Q1,Telangana,6.4,1113.69,37901.9,340.33
FY2022-23,Q1,Gujarat,5.51,958.18,32609.58,340.33
FY2022-23,Q1,Uttar Pradesh,5.6,973.95,33146.35,340.33
FY2022-23,Q1,Rajasthan,4.67,812.51,27652.11,340.33
FY2022-23,Q1,West Bengal,4.34,754.53,25678.8,340.33
FY2022-23,Q1,Kerala,3.6,625.64,21292.25,340.33
FY2022-23,Q1,Madhya Pradesh,3.8,661.15,22500.93,340.33
FY2022-23,Q1,Andhra Pradesh,3.06,531.69,18094.99,340.33
FY2022-23,Q1,Haryana,2.83,492.4,16757.76,340.33
FY2022-23,Q1,Punjab,2.6,452.09,15385.98,340.33
FY2022-23,Q1,Bihar,2.14,371.77,12652.4,340.33
FY2022-23,Q1,Odisha,1.88,326.46,11110.2,340.32
FY2022-23,Q1,Assam,1.13,195.91,6667.39,340.33
FY2022-23,Q1,Jharkhand,1.07,186.58,6349.83,340.33
FY2022-23,Q1,Chhattisgarh,0.9,156.67,5331.77,340.32
FY2022-23,Q1,Uttarakhand,0.78,135.01,4594.77,340.33
FY2022-23,Q1,Himachal Pradesh,0.59,102.81,3498.87,340.32
FY2022-23,Q1,Goa,0.52,90.49,3079.72,340.34
FY2022-23,Q1,Tripura,0.29,50.66,1724.1,340.33
FY2022-23,Q1,Meghalaya,0.19,33.49,1139.64,340.29
FY2022-23,Q1,Manipur,0.15,25.8,878.16,340.37
FY2022-23,Q1,Nagaland,0.11,19.65,668.59,340.25
FY2022-23,Q1,Arunachal Pradesh,0.11,18.98,645.89,340.3
FY2022-23,Q1,Mizoram,0.08,13.52,460.19,340.38
FY2022-23,Q1,Sikkim,0.07,12.68,431.63,340.4
FY2022-23,Q1,Chandigarh,0.35,61.52,2093.7,340.33
FY2022-23,Q1,Puducherry,0.24,41.35,1407.14,340.3
FY2022-23,Q1,J&K,0.45,78.25,2663.21,340.35
FY2022-23,Q1,Ladakh,0.03,5.42,184.56,340.52
FY2022-23,Q1,A&N Islands,0.05,8.62,293.21,340.15
FY2022-23,Q1,D&N Haveli,0.06,11.06,376.39,340.32
FY2022-23,Q1,Lakshadweep,0.01,1.83,62.22,340.0
FY2022-23,Q2,Maharashtra,17.26,3389.49,115710.41,341.38
FY2022-23,Q2,Karnataka,12.51,2456.14,83847.77,341.38
FY2022-23,Q2,Delhi,7.76,1523.53,52010.13,341.38
FY2022-23,Q2,Tamil Nadu,6.88,1351.66,46142.93,341.38
FY2022-23,Q2,Telangana,6.56,1289.13,44008.16,341.38
FY2022-23,Q2,Gujarat,5.96,1170.21,39948.47,341.38
FY2022-23,Q2,Uttar Pradesh,4.9,962.91,32871.92,341.38
FY2022-23,Q2,Rajasthan,4.8,942.34,32169.5,341.38
FY2022-23,Q2,West Bengal,4.23,831.4,28382.33,341.38
FY2022-23,Q2,Kerala,3.75,735.96,25124.3,341.38
FY2022-23,Q2,Madhya Pradesh,3.73,731.78,24981.53,341.38
FY2022-23,Q2,Andhra Pradesh,3.27,641.73,21907.51,341.38
FY2022-23,Q2,Haryana,2.98,585.95,20002.98,341.38
FY2022-23,Q2,Punjab,2.47,485.7,16580.76,341.38
FY2022-23,Q2,Bihar,2.3,452.33,15441.75,341.38
FY2022-23,Q2,Odisha,1.95,382.42,13055.1,341.38
FY2022-23,Q2,Assam,1.28,251.14,8573.31,341.38
FY2022-23,Q2,Jharkhand,0.95,185.68,6338.58,341.37
FY2022-23,Q2,Chhattisgarh,0.89,174.52,5957.69,341.38
FY2022-23,Q2,Uttarakhand,0.79,154.41,5271.19,341.38
FY2022-23,Q2,Himachal Pradesh,0.61,120.72,4121.23,341.39
FY2022-23,Q2,Goa,0.52,101.57,3467.39,341.38
FY2022-23,Q2,Tripura,0.29,56.45,1927.04,341.37
FY2022-23,Q2,Meghalaya,0.2,39.41,1345.49,341.41
FY2022-23,Q2,Manipur,0.13,26.48,904.13,341.44
FY2022-23,Q2,Nagaland,0.13,25.27,862.57,341.34
FY2022-23,Q2,Arunachal Pradesh,0.1,19.14,653.29,341.32
FY2022-23,Q2,Mizoram,0.08,15.76,537.87,341.29
FY2022-23,Q2,Sikkim,0.07,13.54,462.06,341.26
FY2022-23,Q2,Chandigarh,0.37,72.68,2481.11,341.37
FY2022-23,Q2,Puducherry,0.21,42.13,1438.37,341.41
FY2022-23,Q2,J&K,0.45,88.31,3014.61,341.37
FY2022-23,Q2,Ladakh,0.03,5.86,200.08,341.43
FY2022-23,Q2,A&N Islands,0.05,9.6,327.63,341.28
FY2022-23,Q2,D&N Haveli,0.07,12.8,437.0,341.41
FY2022-23,Q2,Lakshadweep,0.01,1.96,67.05,342.09
FY2022-23,Q3,Maharashtra,17.14,3846.17,131659.8,342.31
FY2022-23,Q3,Karnataka,13.03,2924.0,100092.83,342.31
FY2022-23,Q3,Delhi,8.72,1956.49,66973.55,342.31
FY2022-23,Q3,Tamil Nadu,6.86,1540.36,52728.88,342.32
FY2022-23,Q3,Telangana,6.26,1405.4,48108.67,342.31
FY2022-23,Q3,Gujarat,6.12,1373.09,47002.91,342.31
FY2022-23,Q3,Uttar Pradesh,5.62,1260.67,43154.57,342.31
FY2022-23,Q3,Rajasthan,4.43,994.09,34029.22,342.32
FY2022-23,Q3,West Bengal,4.09,917.23,31398.06,342.31
FY2022-23,Q3,Kerala,3.87,869.35,29759.04,342.31
FY2022-23,Q3,Madhya Pradesh,3.65,818.44,28016.53,342.32
FY2022-23,Q3,Andhra Pradesh,3.09,693.82,23750.33,342.31
FY2022-23,Q3,Haryana,2.39,536.86,18377.53,342.32
FY2022-23,Q3,Punjab,2.57,575.78,19709.73,342.31
FY2022-23,Q3,Bihar,2.07,463.64,15871.06,342.31
FY2022-23,Q3,Odisha,1.62,363.24,12434.31,342.32
FY2022-23,Q3,Assam,1.03,231.19,7913.85,342.31
FY2022-23,Q3,Jharkhand,1.04,233.57,7995.59,342.32
FY2022-23,Q3,Chhattisgarh,0.91,203.3,6959.08,342.31
FY2022-23,Q3,Uttarakhand,0.79,177.53,6076.97,342.31
FY2022-23,Q3,Himachal Pradesh,0.64,144.02,4929.89,342.31
FY2022-23,Q3,Goa,0.52,115.8,3963.86,342.3
FY2022-23,Q3,Tripura,0.32,72.77,2491.14,342.33
FY2022-23,Q3,Meghalaya,0.19,41.76,1429.58,342.33
FY2022-23,Q3,Manipur,0.15,33.61,1150.44,342.29
FY2022-23,Q3,Nagaland,0.11,24.76,847.42,342.25
FY2022-23,Q3,Arunachal Pradesh,0.1,22.19,759.48,342.26
FY2022-23,Q3,Mizoram,0.08,17.73,606.99,342.35
FY2022-23,Q3,Sikkim,0.07,16.2,554.65,342.38
FY2022-23,Q3,Chandigarh,0.35,78.73,2695.14,342.33
FY2022-23,Q3,Puducherry,0.26,57.86,1980.59,342.31
FY2022-23,Q3,J&K,0.47,104.55,3578.91,342.32
FY2022-23,Q3,Ladakh,0.03,7.46,255.32,342.25
FY2022-23,Q3,A&N Islands,0.05,11.05,378.09,342.16
FY2022-23,Q3,D&N Haveli,0.06,12.83,439.28,342.39
FY2022-23,Q3,Lakshadweep,0.01,2.27,77.77,342.6
FY2022-23,Q4,Maharashtra,15.84,3838.37,131366.11,342.24
FY2022-23,Q4,Karnataka,13.75,3331.94,114033.81,342.24
FY2022-23,Q4,Delhi,8.08,1959.13,67050.13,342.24
FY2022-23,Q4,Tamil Nadu,6.9,1672.03,57224.2,342.24
FY2022-23,Q4,Telangana,6.35,1538.15,52642.45,342.25
FY2022-23,Q4,Gujarat,6.01,1456.12,49834.98,342.25
FY2022-23,Q4,Uttar Pradesh,5.46,1322.41,45258.84,342.25
FY2022-23,Q4,Rajasthan,4.65,1125.96,38535.32,342.24
FY2022-23,Q4,West Bengal,4.55,1102.63,37736.77,342.24
FY2022-23,Q4,Kerala,3.64,881.51,30169.09,342.24
FY2022-23,Q4,Madhya Pradesh,3.51,849.73,29081.67,342.25
FY2022-23,Q4,Andhra Pradesh,3.3,800.81,27407.43,342.25
FY2022-23,Q4,Haryana,2.57,623.23,21329.73,342.24
FY2022-23,Q4,Punjab,2.56,620.42,21233.68,342.25
FY2022-23,Q4,Bihar,2.08,505.04,17284.81,342.25
FY2022-23,Q4,Odisha,1.87,454.18,15543.94,342.24
FY2022-23,Q4,Assam,1.14,276.82,9474.09,342.25
FY2022-23,Q4,Jharkhand,1.03,250.74,8581.6,342.25
FY2022-23,Q4,Chhattisgarh,0.95,230.17,7877.62,342.25
FY2022-23,Q4,Uttarakhand,0.83,202.23,6921.24,342.25
FY2022-23,Q4,Himachal Pradesh,0.61,147.24,5039.11,342.24
FY2022-23,Q4,Goa,0.49,119.77,4099.19,342.26
FY2022-23,Q4,Tripura,0.29,70.61,2416.58,342.24
FY2022-23,Q4,Meghalaya,0.21,52.04,1780.87,342.21
FY2022-23,Q4,Manipur,0.14,35.08,1200.63,342.25
FY2022-23,Q4,Nagaland,0.11,27.57,943.71,342.3
FY2022-23,Q4,Arunachal Pradesh,0.1,25.04,857.02,342.26
FY2022-23,Q4,Mizoram,0.08,18.62,637.13,342.18
FY2022-23,Q4,Sikkim,0.07,16.16,553.02,342.22
FY2022-23,Q4,Chandigarh,0.32,78.7,2693.47,342.25
FY2022-23,Q4,Puducherry,0.24,59.12,2023.51,342.27
FY2022-23,Q4,J&K,0.45,108.61,3717.0,342.23
FY2022-23,Q4,Ladakh,0.03,7.36,251.85,342.19
FY2022-23,Q4,A&N Islands,0.05,12.69,434.44,342.35
FY2022-23,Q4,D&N Haveli,0.06,14.92,510.77,342.34
FY2022-23,Q4,Lakshadweep,0.01,2.42,82.94,342.73
FY2023-24,Q1,Maharashtra,16.34,4451.2,154605.26,347.33
FY2023-24,Q1,Karnataka,13.13,3576.58,124226.58,347.33
FY2023-24,Q1,Delhi,8.72,2376.42,82540.93,347.33
FY2023-24,Q1,Tamil Nadu,7.14,1946.75,67617.35,347.33
FY2023-24,Q1,Telangana,6.35,1729.51,60071.78,347.33
FY2023-24,Q1,Gujarat,5.51,1501.87,52165.12,347.33
FY2023-24,Q1,Uttar Pradesh,5.1,1390.3,48289.69,347.33
FY2023-24,Q1,Rajasthan,4.96,1351.43,46939.55,347.33
FY2023-24,Q1,West Bengal,4.32,1177.45,40896.63,347.33
FY2023-24,Q1,Kerala,3.91,1065.28,37000.61,347.33
FY2023-24,Q1,Madhya Pradesh,3.48,947.51,32910.22,347.33
FY2023-24,Q1,Andhra Pradesh,3.43,933.24,32414.55,347.33
FY2023-24,Q1,Haryana,2.73,744.45,25857.22,347.33
FY2023-24,Q1,Punjab,2.62,713.71,24789.56,347.33
FY2023-24,Q1,Bihar,2.2,598.27,20780.03,347.34
FY2023-24,Q1,Odisha,1.75,475.53,16516.68,347.33
FY2023-24,Q1,Assam,1.24,336.65,11693.02,347.33
FY2023-24,Q1,Jharkhand,1.02,278.05,9657.64,347.33
FY2023-24,Q1,Chhattisgarh,0.92,249.6,8669.44,347.33
FY2023-24,Q1,Uttarakhand,0.8,218.86,7601.81,347.34
FY2023-24,Q1,Himachal Pradesh,0.6,163.17,5667.52,347.34
FY2023-24,Q1,Goa,0.56,152.5,5296.98,347.34
FY2023-24,Q1,Tripura,0.32,86.58,3007.25,347.34
FY2023-24,Q1,Meghalaya,0.21,56.46,1961.17,347.36
FY2023-24,Q1,Manipur,0.15,41.1,1427.51,347.33
FY2023-24,Q1,Nagaland,0.13,34.34,1192.85,347.36
FY2023-24,Q1,Arunachal Pradesh,0.1,27.95,970.89,347.37
FY2023-24,Q1,Mizoram,0.08,21.83,758.1,347.27
FY2023-24,Q1,Sikkim,0.07,18.78,652.41,347.4
FY2023-24,Q1,Chandigarh,0.35,94.98,3298.93,347.33
FY2023-24,Q1,Puducherry,0.21,57.32,1990.9,347.33
FY2023-24,Q1,J&K,0.45,123.9,4303.55,347.34
FY2023-24,Q1,Ladakh,0.03,7.97,276.98,347.53
FY2023-24,Q1,A&N Islands,0.05,14.71,510.87,347.29
FY2023-24,Q1,D&N Haveli,0.06,16.36,568.38,347.42
FY2023-24,Q1,Lakshadweep,0.01,2.72,94.64,347.94
FY2023-24,Q2,Maharashtra,16.46,5121.01,175370.68,342.45
FY2023-24,Q2,Karnataka,12.13,3774.28,129251.5,342.45
FY2023-24,Q2,Delhi,8.39,2611.74,89439.94,342.45
FY2023-24,Q2,Tamil Nadu,7.2,2241.23,76751.74,342.45
FY2023-24,Q2,Telangana,6.81,2119.27,72575.06,342.45
FY2023-24,Q2,Gujarat,5.57,1733.25,59355.77,342.45
FY2023-24,Q2,Uttar Pradesh,5.51,1714.18,58702.7,342.45
FY2023-24,Q2,Rajasthan,4.47,1391.54,47653.81,342.45
FY2023-24,Q2,West Bengal,4.35,1352.62,46321.06,342.45
FY2023-24,Q2,Kerala,3.9,1213.01,41539.82,342.45
FY2023-24,Q2,Madhya Pradesh,3.59,1115.99,38217.35,342.45
FY2023-24,Q2,Andhra Pradesh,3.2,995.73,34099.08,342.45
FY2023-24,Q2,Haryana,2.86,889.26,30453.0,342.45
FY2023-24,Q2,Punjab,2.7,840.25,28774.55,342.45
FY2023-24,Q2,Bihar,2.17,674.75,23107.07,342.45
FY2023-24,Q2,Odisha,1.81,563.93,19312.14,342.46
FY2023-24,Q2,Assam,1.13,353.09,12091.75,342.46
FY2023-24,Q2,Jharkhand,0.96,297.63,10192.53,342.46
FY2023-24,Q2,Chhattisgarh,0.9,281.4,9636.49,342.45
FY2023-24,Q2,Uttarakhand,0.84,262.65,8994.58,342.45
FY2023-24,Q2,Himachal Pradesh,0.59,184.29,6311.14,342.46
FY2023-24,Q2,Goa,0.49,153.73,5264.71,342.46
FY2023-24,Q2,Tripura,0.29,91.44,3131.5,342.47
FY2023-24,Q2,Meghalaya,0.19,60.56,2074.04,342.48
FY2023-24,Q2,Manipur,0.15,47.36,1621.84,342.45
FY2023-24,Q2,Nagaland,0.11,34.54,1182.89,342.47
FY2023-24,Q2,Arunachal Pradesh,0.11,33.11,1133.75,342.42
FY2023-24,Q2,Mizoram,0.08,24.06,824.05,342.5
FY2023-24,Q2,Sikkim,0.07,22.57,772.78,342.39
FY2023-24,Q2,Chandigarh,0.33,101.98,3492.48,342.47
FY2023-24,Q2,Puducherry,0.26,80.39,2752.86,342.44
FY2023-24,Q2,J&K,0.47,144.72,4955.89,342.45
FY2023-24,Q2,Ladakh,0.03,9.51,325.79,342.58
FY2023-24,Q2,A&N Islands,0.05,14.78,506.27,342.54
FY2023-24,Q2,D&N Haveli,0.06,18.9,647.28,342.48
FY2023-24,Q2,Lakshadweep,0.01,3.11,106.55,342.6
FY2023-24,Q3,Maharashtra,16.29,5634.41,192565.18,341.77
FY2023-24,Q3,Karnataka,13.46,4654.73,159083.3,341.77
FY2023-24,Q3,Delhi,8.53,2948.94,100784.98,341.77
FY2023-24,Q3,Tamil Nadu,7.11,2457.4,83985.71,341.77
FY2023-24,Q3,Telangana,6.18,2138.46,73085.28,341.77
FY2023-24,Q3,Gujarat,5.99,2070.68,70768.95,341.77
FY2023-24,Q3,Uttar Pradesh,5.51,1904.02,65073.0,341.77
FY2023-24,Q3,Rajasthan,4.24,1467.48,50153.73,341.77
FY2023-24,Q3,West Bengal,4.36,1509.41,51586.64,341.77
FY2023-24,Q3,Kerala,3.8,1312.64,44861.58,341.77
FY2023-24,Q3,Madhya Pradesh,3.71,1283.25,43857.27,341.77
FY2023-24,Q3,Andhra Pradesh,3.02,1046.11,35752.62,341.77
FY2023-24,Q3,Haryana,2.36,814.57,27839.19,341.77
FY2023-24,Q3,Punjab,2.53,876.69,29962.35,341.77
FY2023-24,Q3,Bihar,2.23,771.96,26383.09,341.77
FY2023-24,Q3,Odisha,1.65,569.91,19477.46,341.76
FY2023-24,Q3,Assam,1.14,394.72,13490.05,341.76
FY2023-24,Q3,Jharkhand,1.14,393.49,13448.33,341.77
FY2023-24,Q3,Chhattisgarh,0.89,306.51,10475.45,341.77
FY2023-24,Q3,Uttarakhand,0.83,286.79,9801.6,341.77
FY2023-24,Q3,Himachal Pradesh,0.58,200.76,6861.28,341.77
FY2023-24,Q3,Goa,0.45,154.85,5292.32,341.77
FY2023-24,Q3,Tripura,0.3,102.87,3515.81,341.77
FY2023-24,Q3,Meghalaya,0.2,68.25,2332.61,341.77
FY2023-24,Q3,Manipur,0.15,50.84,1737.55,341.77
FY2023-24,Q3,Nagaland,0.12,41.26,1410.27,341.8
FY2023-24,Q3,Arunachal Pradesh,0.1,35.04,1197.62,341.79
FY2023-24,Q3,Mizoram,0.08,27.46,938.5,341.77
FY2023-24,Q3,Sikkim,0.07,22.68,775.11,341.76
FY2023-24,Q3,Chandigarh,0.36,123.99,4237.57,341.77
FY2023-24,Q3,Puducherry,0.23,78.04,2666.98,341.75
FY2023-24,Q3,J&K,0.4,139.68,4773.71,341.76
FY2023-24,Q3,Ladakh,0.03,10.76,367.71,341.74
FY2023-24,Q3,A&N Islands,0.05,17.73,605.98,341.78
FY2023-24,Q3,D&N Haveli,0.06,20.69,707.16,341.79
FY2023-24,Q3,Lakshadweep,0.01,3.46,118.2,341.62
FY2023-24,Q4,Maharashtra,15.92,5902.76,202339.77,342.79
FY2023-24,Q4,Karnataka,12.63,4684.77,160588.61,342.79
FY2023-24,Q4,Delhi,7.55,2798.47,95928.27,342.79
FY2023-24,Q4,Tamil Nadu,6.84,2535.88,86926.98,342.79
FY2023-24,Q4,Telangana,6.71,2489.28,85329.75,342.79
FY2023-24,Q4,Gujarat,6.21,2304.56,78997.55,342.79
FY2023-24,Q4,Uttar Pradesh,5.38,1997.01,68455.12,342.79
FY2023-24,Q4,Rajasthan,4.98,1847.51,63330.54,342.79
FY2023-24,Q4,West Bengal,3.8,1408.58,48284.58,342.79
FY2023-24,Q4,Kerala,3.93,1455.77,49902.28,342.79
FY2023-24,Q4,Madhya Pradesh,3.36,1245.87,42706.9,342.79
FY2023-24,Q4,Andhra Pradesh,3.25,1205.02,41306.77,342.79
FY2023-24,Q4,Haryana,2.77,1025.57,35155.45,342.79
FY2023-24,Q4,Punjab,2.67,988.39,33880.8,342.79
FY2023-24,Q4,Bihar,2.1,780.24,26745.76,342.79
FY2023-24,Q4,Odisha,1.86,688.51,23601.49,342.79
FY2023-24,Q4,Assam,1.18,438.82,15042.4,342.79
FY2023-24,Q4,Jharkhand,0.99,367.93,12612.37,342.79
FY2023-24,Q4,Chhattisgarh,0.89,330.71,11336.52,342.79
FY2023-24,Q4,Uttarakhand,0.77,284.15,9740.36,342.79
FY2023-24,Q4,Himachal Pradesh,0.6,222.37,7622.42,342.78
FY2023-24,Q4,Goa,0.5,184.85,6336.59,342.8
FY2023-24,Q4,Tripura,0.3,112.6,3859.9,342.8
FY2023-24,Q4,Meghalaya,0.2,74.49,2553.34,342.78
FY2023-24,Q4,Manipur,0.16,57.85,1983.04,342.79
FY2023-24,Q4,Nagaland,0.13,46.56,1596.0,342.78
FY2023-24,Q4,Arunachal Pradesh,0.09,35.14,1204.52,342.78
FY2023-24,Q4,Mizoram,0.08,30.96,1061.22,342.77
FY2023-24,Q4,Sikkim,0.07,24.42,837.12,342.8
FY2023-24,Q4,Chandigarh,0.36,133.62,4580.33,342.79
FY2023-24,Q4,Puducherry,0.26,95.59,3276.73,342.79
FY2023-24,Q4,J&K,0.41,150.94,5174.13,342.79
FY2023-24,Q4,Ladakh,0.03,11.18,383.16,342.72
FY2023-24,Q4,A&N Islands,0.05,18.11,620.76,342.77
FY2023-24,Q4,D&N Haveli,0.06,21.41,733.84,342.76
FY2023-24,Q4,Lakshadweep,0.01,3.96,135.72,342.73
FY2024-25,Q1,Maharashtra,15.96,6582.68,225368.48,342.37
FY2024-25,Q1,Karnataka,12.28,5066.26,173451.39,342.37
FY2024-25,Q1,Delhi,8.23,3394.73,116223.86,342.37
FY2024-25,Q1,Tamil Nadu,7.34,3028.63,103690.06,342.37
FY2024-25,Q1,Telangana,6.45,2661.81,91131.27,342.37
FY2024-25,Q1,Gujarat,6.14,2531.6,86673.28,342.37
FY2024-25,Q1,Uttar Pradesh,5.65,2328.59,79722.91,342.37
FY2024-25,Q1,Rajasthan,4.28,1764.06,60395.33,342.37
FY2024-25,Q1,West Bengal,4.09,1686.35,57734.84,342.37
FY2024-25,Q1,Kerala,3.69,1523.21,52149.43,342.37
FY2024-25,Q1,Madhya Pradesh,3.58,1478.1,50605.22,342.37
FY2024-25,Q1,Andhra Pradesh,2.78,1146.57,39254.57,342.37
FY2024-25,Q1,Haryana,3.16,1301.98,44575.51,342.37
FY2024-25,Q1,Punjab,2.57,1058.45,36237.77,342.37
FY2024-25,Q1,Bihar,2.22,914.1,31295.68,342.37
FY2024-25,Q1,Odisha,1.91,786.23,26917.92,342.37
FY2024-25,Q1,Assam,1.34,552.91,18929.81,342.37
FY2024-25,Q1,Jharkhand,1.04,430.39,14734.96,342.36
FY2024-25,Q1,Chhattisgarh,0.94,388.8,13311.06,342.36
FY2024-25,Q1,Uttarakhand,0.81,332.1,11369.97,342.37
FY2024-25,Q1,Himachal Pradesh,0.6,245.71,8412.17,342.36
FY2024-25,Q1,Goa,0.49,201.31,6892.14,342.36
FY2024-25,Q1,Tripura,0.29,118.62,4061.09,342.36
FY2024-25,Q1,Meghalaya,0.19,79.65,2727.03,342.38
FY2024-25,Q1,Manipur,0.14,57.69,1975.0,342.35
FY2024-25,Q1,Nagaland,0.12,49.3,1688.0,342.39
FY2024-25,Q1,Arunachal Pradesh,0.09,37.77,1293.08,342.36
FY2024-25,Q1,Mizoram,0.08,33.31,1140.4,342.36
FY2024-25,Q1,Sikkim,0.07,28.82,986.62,342.34
FY2024-25,Q1,Chandigarh,0.35,145.41,4978.38,342.37
FY2024-25,Q1,Puducherry,0.24,100.42,3437.89,342.35
FY2024-25,Q1,J&K,0.52,214.15,7331.62,342.36
FY2024-25,Q1,Ladakh,0.03,13.21,452.41,342.48
FY2024-25,Q1,A&N Islands,0.05,19.34,662.08,342.34
FY2024-25,Q1,D&N Haveli,0.06,25.03,857.08,342.42
FY2024-25,Q1,Lakshadweep,0.01,4.12,141.2,342.72
FY2024-25,Q2,Maharashtra,15.66,6973.35,238487.23,342.0
FY2024-25,Q2,Karnataka,11.94,5316.86,181835.47,342.0
FY2024-25,Q2,Delhi,8.38,3729.62,127552.22,342.0
FY2024-25,Q2,Tamil Nadu,6.86,3053.3,104422.27,342.0
FY2024-25,Q2,Telangana,6.81,3033.9,103758.92,342.0
FY2024-25,Q2,Gujarat,6.09,2710.53,92699.49,342.0
FY2024-25,Q2,Uttar Pradesh,5.88,2616.87,89496.37,342.0
FY2024-25,Q2,Rajasthan,4.6,2045.93,69970.43,342.0
FY2024-25,Q2,West Bengal,4.3,1914.33,65469.59,342.0
FY2024-25,Q2,Kerala,3.92,1745.3,59688.84,342.0
FY2024-25,Q2,Madhya Pradesh,3.42,1521.29,52027.87,342.0
FY2024-25,Q2,Andhra Pradesh,3.08,1369.7,46843.35,342.0
FY2024-25,Q2,Haryana,3.03,1346.91,46064.02,342.0
FY2024-25,Q2,Punjab,2.53,1125.69,38498.23,342.0
FY2024-25,Q2,Bihar,2.27,1010.61,34562.58,342.0
FY2024-25,Q2,Odisha,1.73,768.44,26280.45,342.0
FY2024-25,Q2,Assam,1.13,501.68,17157.42,342.0
FY2024-25,Q2,Jharkhand,0.97,432.53,14792.58,342.0
FY2024-25,Q2,Chhattisgarh,0.89,398.2,13618.51,342.0
FY2024-25,Q2,Uttarakhand,0.76,337.22,11532.72,341.99
FY2024-25,Q2,Himachal Pradesh,0.6,266.99,9131.16,342.0
FY2024-25,Q2,Goa,0.46,203.81,6970.32,342.0
FY2024-25,Q2,Tripura,0.28,126.08,4312.02,342.01
FY2024-25,Q2,Meghalaya,0.21,92.03,3147.37,341.99
FY2024-25,Q2,Manipur,0.15,68.8,2352.87,341.99
FY2024-25,Q2,Nagaland,0.12,52.38,1791.33,341.99
FY2024-25,Q2,Arunachal Pradesh,0.09,42.26,1445.13,341.96
FY2024-25,Q2,Mizoram,0.08,33.79,1155.51,341.97
FY2024-25,Q2,Sikkim,0.07,30.58,1045.94,342.03
FY2024-25,Q2,Chandigarh,0.36,160.85,5500.87,341.99
FY2024-25,Q2,Puducherry,0.26,116.47,3983.19,341.99
FY2024-25,Q2,J&K,0.44,195.37,6681.64,342.0
FY2024-25,Q2,Ladakh,0.03,12.59,430.44,341.89
FY2024-25,Q2,A&N Islands,0.05,22.56,771.5,341.98
FY2024-25,Q2,D&N Haveli,0.06,25.61,875.95,342.03
FY2024-25,Q2,Lakshadweep,0.01,4.45,152.26,342.16
FY2024-25,Q3,Maharashtra,17.59,8585.2,293911.03,342.35
FY2024-25,Q3,Karnataka,13.33,6504.46,222677.52,342.35
FY2024-25,Q3,Delhi,8.26,4033.04,138069.59,342.35
FY2024-25,Q3,Tamil Nadu,6.65,3244.32,111067.99,342.35
FY2024-25,Q3,Telangana,6.57,3205.4,109735.45,342.35
FY2024-25,Q3,Gujarat,6.11,2980.67,102041.88,342.35
FY2024-25,Q3,Uttar Pradesh,5.4,2633.48,90156.2,342.35
FY2024-25,Q3,Rajasthan,5.12,2500.54,85604.99,342.35
FY2024-25,Q3,West Bengal,4.47,2181.99,74699.59,342.35
FY2024-25,Q3,Kerala,4.12,2008.58,68762.9,342.35
FY2024-25,Q3,Madhya Pradesh,3.55,1734.0,59362.68,342.35
FY2024-25,Q3,Andhra Pradesh,3.29,1607.4,55028.62,342.35
FY2024-25,Q3,Haryana,3.0,1462.96,50083.76,342.35
FY2024-25,Q3,Punjab,2.56,1247.24,42698.76,342.35
FY2024-25,Q3,Bihar,2.14,1046.65,35831.67,342.35
FY2024-25,Q3,Odisha,1.76,858.66,29396.05,342.35
FY2024-25,Q3,Assam,1.21,592.56,20286.08,342.35
FY2024-25,Q3,Jharkhand,0.94,456.49,15627.81,342.35
FY2024-25,Q3,Chhattisgarh,0.89,436.04,14927.52,342.34
FY2024-25,Q3,Uttarakhand,0.84,411.79,14097.39,342.34
FY2024-25,Q3,Himachal Pradesh,0.53,260.71,8925.28,342.35
FY2024-25,Q3,Goa,0.54,262.71,8993.77,342.35
FY2024-25,Q3,Tripura,0.32,154.61,5292.99,342.34
FY2024-25,Q3,Meghalaya,0.2,95.35,3264.35,342.35
FY2024-25,Q3,Manipur,0.15,75.19,2573.95,342.33
FY2024-25,Q3,Nagaland,0.12,58.57,2005.01,342.33
FY2024-25,Q3,Arunachal Pradesh,0.11,51.8,1773.32,342.34
FY2024-25,Q3,Mizoram,0.08,40.96,1402.13,342.32
FY2024-25,Q3,Sikkim,0.07,31.77,1087.54,342.32
FY2024-25,Q3,Chandigarh,0.36,175.81,6018.72,342.34
FY2024-25,Q3,Puducherry,0.25,120.74,4133.51,342.35
FY2024-25,Q3,J&K,0.45,220.5,7548.75,342.35
FY2024-25,Q3,Ladakh,0.03,14.11,482.93,342.26
FY2024-25,Q3,A&N Islands,0.05,26.53,908.3,342.37
FY2024-25,Q3,D&N Haveli,0.06,30.8,1054.47,342.36
FY2024-25,Q3,Lakshadweep,0.01,4.88,167.06,342.34
FY2024-25,Q4,Maharashtra,15.4,5026.83,172235.67,342.63
FY2024-25,Q4,Karnataka,12.55,4097.86,140405.95,342.63
FY2024-25,Q4,Delhi,8.38,2734.96,93708.73,342.63
FY2024-25,Q4,Tamil Nadu,7.19,2345.56,80366.56,342.63
FY2024-25,Q4,Telangana,6.91,2254.81,77257.1,342.63
FY2024-25,Q4,Gujarat,6.03,1968.13,67434.62,342.63
FY2024-25,Q4,Uttar Pradesh,5.77,1882.46,64499.2,342.63
FY2024-25,Q4,Rajasthan,4.88,1592.52,54564.92,342.63
FY2024-25,Q4,West Bengal,3.91,1275.81,43713.35,342.63
FY2024-25,Q4,Kerala,3.76,1228.33,42086.73,342.63
FY2024-25,Q4,Madhya Pradesh,3.69,1203.1,41222.12,342.63
FY2024-25,Q4,Andhra Pradesh,3.19,1041.92,35699.48,342.63
FY2024-25,Q4,Haryana,2.87,937.02,32105.5,342.63
FY2024-25,Q4,Punjab,2.46,803.09,27516.6,342.63
FY2024-25,Q4,Bihar,2.09,681.19,23339.76,342.63
FY2024-25,Q4,Odisha,1.79,583.97,20008.66,342.63
FY2024-25,Q4,Assam,1.22,397.78,13629.28,342.63
FY2024-25,Q4,Jharkhand,0.97,315.74,10818.21,342.63
FY2024-25,Q4,Chhattisgarh,0.89,290.33,9947.77,342.64
FY2024-25,Q4,Uttarakhand,0.76,248.88,8527.61,342.64
FY2024-25,Q4,Himachal Pradesh,0.63,206.82,7086.5,342.64
FY2024-25,Q4,Goa,0.49,160.82,5510.11,342.63
FY2024-25,Q4,Tripura,0.32,105.05,3599.2,342.62
FY2024-25,Q4,Meghalaya,0.22,70.28,2407.97,342.63
FY2024-25,Q4,Manipur,0.15,48.77,1670.94,342.62
FY2024-25,Q4,Nagaland,0.11,37.2,1274.51,342.61
FY2024-25,Q4,Arunachal Pradesh,0.09,29.24,1001.84,342.63
FY2024-25,Q4,Mizoram,0.07,24.19,828.93,342.67
FY2024-25,Q4,Sikkim,0.07,21.28,729.16,342.65
FY2024-25,Q4,Chandigarh,0.37,122.13,4184.53,342.63
FY2024-25,Q4,Puducherry,0.25,82.08,2812.42,342.64
FY2024-25,Q4,J&K,0.46,149.76,5131.25,342.63
FY2024-25,Q4,Ladakh,0.03,8.71,298.29,342.47
FY2024-25,Q4,A&N Islands,0.05,15.34,525.75,342.73
FY2024-25,Q4,D&N Haveli,0.06,20.46,700.86,342.55
FY2024-25,Q4,Lakshadweep,0.01,3.31,113.45,342.75
